Time,Day_of_week,Age_band_of_driver,Sex_of_driver,Educational_level,Vehicle_driver_relation,Driving_experience,Type_of_vehicle,Owner_of_vehicle,Service_year_of_vehicle,Defect_of_vehicle,Area_accident_occured,Lanes_or_Medians,Road_allignment,Types_of_Junction,Road_surface_type,Road_surface_conditions,Light_conditions,Weather_conditions,Type_of_collision,Number_of_vehicles_involved,Number_of_casualties,Vehicle_movement,Casualty_class,Sex_of_casualty,Age_band_of_casualty,Casualty_severity,Work_of_casuality,Fitness_of_casuality,Pedestrian_movement,Cause_of_accident,Accident_severity
20.00.00,Thursday,18-30,Male,Elementary school,Employee,2-5yr,Lorry (41?100Q),Owner,2-5yrs,No defect,Residential areas,One way,Tangent road with flat terrain,O Shape,Asphalt roads,Dry,Darkness - lights lit,Normal,Collision with pedestrians,2,1,Going straight,,,,,Driver,Normal,Not a Pedestrian,No distancing,Slight Injury
20.00.00,Thursday,18-30,Male,Junior high school,Owner,2-5yr,Stationwagen,Owner,2-5yrs,No defect,Other,Two-way (divided with broken lines road marking),Tangent road with flat terrain,O Shape,Asphalt roads,Dry,Darkness - lights lit,Normal,Collision with pedestrians,2,1,Other,Driver or rider,Male,18-30,3,Employee,Normal,Not a Pedestrian,No distancing,Slight Injury
9.45.00,Saturday,31-50,Male,Elementary school,Employee,2-5yr,Lorry (41?100Q),Governmental,2-5yrs,No defect,Other,Two-way (divided with broken lines road marking),Tangent road with flat terrain,Crossing,Asphalt roads,Dry,Daylight,Normal,Vehicle with vehicle collision,2,1,Going straight,Passenger,Female,18-30,3,Driver,Normal,Not a Pedestrian,No priority to vehicle,Slight Injury
9.45.00,Saturday,Under 18,Male,Junior high school,Owner,2-5yr,Public (12 seats),Owner,Unknown,No defect,Residential areas,Two-way (divided with broken lines road marking),Tangent road with flat terrain,Crossing,Asphalt roads,Dry,Daylight,Normal,Vehicle with vehicle collision,2,1,Going straight,Driver or rider,Male,Over 51,3,Driver,Normal,Not a Pedestrian,Moving Backward,Slight Injury
23.05.00,Sunday,Under 18,Unknown,Junior high school,Employee,Above 10yr,Lorry (41?100Q),Owner,5-10yrs,No defect,Industrial areas,Undivided Two way,Tangent road with flat terrain,No junction,Asphalt roads,Dry,Darkness - lights lit,Normal,Collision with roadside objects,2,1,Turnover,,,,,,,Not a Pedestrian,Moving Backward,Slight Injury
23.05.00,Sunday,Unknown,Female,Junior high school,Employee,2-5yr,Other,Owner,2-5yrs,No defect,Other,Undivided Two way,Steep grade downward with mountainous terrain,No junction,Asphalt roads,Dry,Darkness - lights lit,Normal,Vehicle with vehicle collision,2,1,Moving Backward,Driver or rider,Female,Under 18,3,Driver,Normal,Not a Pedestrian,Getting off the vehicle improperly,Slight Injury
8.35.00,Thursday,18-30,Male,Junior high school,Employee,1-2yr,Stationwagen,Owner,1-2yr,No defect,Office areas,Undivided Two way,Tangent road with flat terrain,No junction,Asphalt roads,Wet or damp,Daylight,Raining,Vehicle with vehicle collision,2,1,Going straight,Driver or rider,Male,18-30,2,Driver,Normal,Not a Pedestrian,Changing lane to the left,Slight Injury
8.35.00,Thursday,31-50,Male,Junior high school,Employee,2-5yr,Automobile,Organization,2-5yrs,No defect,Other,Two-way (divided with broken lines road marking),Tangent road with mountainous terrain and,No junction,Asphalt roads,Wet or damp,Daylight,Raining,Vehicle with vehicle collision,2,1,Going straight,Driver or rider,Male,31-50,3,Driver,Normal,Not a Pedestrian,Changing lane to the left,Slight Injury
16.30.00,Thursday,Unknown,Male,Junior high school,Employee,1-2yr,Public (> 45 seats),Governmental,1-2yr,,Other,Undivided Two way,Tangent road with flat terrain,Y Shape,Asphalt roads,Dry,Daylight,Normal,Vehicle with vehicle collision,2,1,Going straight,Passenger,Male,18-30,3,Driver,Normal,Not a Pedestrian,No priority to vehicle,Slight Injury
16.30.00,Thursday,18-30,Male,Junior high school,Employee,5-10yr,Other,Owner,Unknown,No defect,Other,Two-way (divided with broken lines road marking),Tangent road with flat terrain,Y Shape,Asphalt roads,Dry,Daylight,Normal,Collision with roadside objects,2,1,Reversing,Driver or rider,Female,18-30,3,,,Not a Pedestrian,Changing lane to the right,Slight Injury
8.52.00,Friday,Over 51,Male,Junior high school,Employee,5-10yr,Lorry (41?100Q),Owner,2-5yrs,No defect,Other,Double carriageway (median),Tangent road with flat terrain,No junction,Asphalt roads,Dry,Daylight,Normal,Vehicle with vehicle collision,1,1,Going straight,Pedestrian,Female,Under 18,2,Driver,Normal,Unknown or other,Changing lane to the right,Slight Injury
13.27.00,Friday,31-50,Male,Elementary school,Owner,2-5yr,Automobile,Owner,Unknown,7,Office areas,Undivided Two way,Tangent road with flat terrain,No junction,Asphalt roads,Dry,Daylight,Normal,Vehicle with vehicle collision,2,1,Going straight,Pedestrian,Female,Under 18,3,Employee,Normal,Unknown or other,Driving carelessly,Slight Injury
13.27.00,Friday,18-30,Male,Elementary school,Employee,Below 1yr,Public (> 45 seats),Governmental,1-2yr,No defect,Other,Two-way (divided with broken lines road marking),Tangent road with flat terrain,No junction,Asphalt roads,Dry,Daylight,Normal,Collision with roadside objects,2,1,Going straight,,,,,,,Not a Pedestrian,Changing lane to the left,Slight Injury
21.16.00,Monday,Over 51,Male,,,,,,,,,other,Tangent road with flat terrain,Y Shape,Asphalt roads,Dry,Darkness - lights lit,Normal,Vehicle with vehicle collision,2,1,Parked,Driver or rider,Male,18-30,2,Driver,Normal,Not a Pedestrian,Changing lane to the right,Slight Injury
21.16.00,Monday,31-50,Male,Junior high school,Employee,Above 10yr,Automobile,Organization,Unknown,No defect,Other,Two-way (divided with broken lines road marking),Tangent road with flat terrain,Y Shape,Asphalt roads,Dry,Darkness - lights lit,Normal,Collision with roadside objects,2,1,Going straight,,,,,,,Not a Pedestrian,Driving under the influence of drugs,Slight Injury
11.00.00,Wednesday,Unknown,Male,High school,Employee,1-2yr,Pick up upto 10Q,Owner,Above 10yr,,Other,other,Steep grade downward with mountainous terrain,No junction,Asphalt roads,Dry,Daylight,Normal,Vehicle with vehicle collision,1,1,Going straight,Driver or rider,Male,18-30,2,Driver,Normal,Not a Pedestrian,Driving carelessly,Serious Injury
20.40.00,Tuesday,31-50,Male,Junior high school,Owner,5-10yr,Public (12 seats),Owner,Unknown,,Office areas,Undivided Two way,Tangent road with flat terrain,Y Shape,Asphalt roads,Dry,Darkness - lights lit,Normal,Vehicle with vehicle collision,2,1,Unknown,Pedestrian,Male,Under 18,3,Driver,Normal,Not a Pedestrian,No distancing,Slight Injury
20.40.00,Tuesday,31-50,Male,Junior high school,Employee,1-2yr,Lorry (41?100Q),Owner,Unknown,No defect,Office areas,One way,Tangent road with flat terrain,Y Shape,Asphalt roads,Dry,Darkness - lights lit,Normal,Vehicle with vehicle collision,2,1,Going straight,Driver or rider,Female,Over 51,3,Self-employed,Normal,Not a Pedestrian,No priority to vehicle,Slight Injury
15.56.00,Tuesday,18-30,Male,Junior high school,Employee,Above 10yr,Lorry (41?100Q),Owner,Above 10yr,No defect,Church areas,other,Tangent road with flat terrain,No junction,Asphalt roads,Dry,Daylight,Normal,Vehicle with vehicle collision,2,2,Going straight,,,,,Driver,Normal,Not a Pedestrian,No priority to vehicle,Slight Injury
15.56.00,Tuesday,31-50,Male,Junior high school,Employee,Below 1yr,Lorry (41?100Q),Owner,,No defect,Office areas,Double carriageway (median),Tangent road with flat terrain,No junction,Asphalt roads,Dry,Daylight,Normal,Vehicle with vehicle collision,2,2,Stopping,,,,,Employee,Normal,Not a Pedestrian,No priority to vehicle,Slight Injury
8.50.00,Tuesday,31-50,Male,Elementary school,Employee,2-5yr,Public (13?45 seats),Owner,Above 10yr,No defect,Office areas,other,Tangent road with flat terrain,Crossing,Asphalt roads,Dry,Daylight,Normal,Vehicle with vehicle collision,2,1,Going straight,Driver or rider,Female,18-30,3,Driver,Normal,Not a Pedestrian,Changing lane to the left,Slight Injury
8.50.00,Tuesday,18-30,Male,Junior high school,Employee,5-10yr,Lorry (41?100Q),Owner,Unknown,No defect,Office areas,Two-way (divided with broken lines road marking),Tangent road with flat terrain,Crossing,Asphalt roads,Dry,Daylight,Normal,Vehicle with vehicle collision,2,1,Overtaking,Pedestrian,Male,Under 18,2,,,Crossing from nearside - masked by parked or statioNot a Pedestrianry vehicle,Moving Backward,Slight Injury
16.10.00,Tuesday,Unknown,Female,Elementary school,Employee,5-10yr,Lorry (41?100Q),Owner,Unknown,No defect,Office areas,One way,Tangent road with flat terrain,No junction,Asphalt roads,Dry,Daylight,Normal,Vehicle with vehicle collision,1,1,Going straight,,,,,Driver,Normal,Not a Pedestrian,Driving carelessly,Slight Injury
8.50.00,Friday,31-50,Male,Junior high school,Owner,1-2yr,Motorcycle,Owner,2-5yrs,No defect,Residential areas,Undivided Two way,Tangent road with flat terrain,Y Shape,Asphalt roads,Dry,Daylight,Normal,Collision with pedestrians,1,1,Reversing,Driver or rider,Male,31-50,3,Self-employed,Normal,Not a Pedestrian,Driving under the influence of drugs,Slight Injury
21.55.00,Saturday,18-30,Male,Junior high school,Employee,5-10yr,Lorry (41?100Q),Owner,Above 10yr,No defect,Residential areas,other,Tangent road with flat terrain,No junction,Asphalt roads,Wet or damp,Darkness - lights lit,Normal,Collision with roadside objects,2,1,Going straight,Passenger,Female,31-50,3,,,Not a Pedestrian,Changing lane to the right,Slight Injury
21.55.00,Saturday,18-30,Male,Unknown,Other,,Ridden horse,Owner,5-10yrs,,Residential areas,Undivided Two way,Tangent road with flat terrain,No junction,Asphalt roads,Wet or damp,Darkness - lights lit,Normal,Vehicle with vehicle collision,2,1,Going straight,,,,,Self-employed,Normal,Not a Pedestrian,No priority to vehicle,Slight Injury
18.50.00,Friday,18-30,Male,High school,Employee,2-5yr,Automobile,Owner,5-10yrs,,Office areas,Double carriageway (median),Tangent road with flat terrain,Crossing,Asphalt roads,Wet or damp,Darkness - lights lit,Normal,Vehicle with vehicle collision,2,1,Unknown,Pedestrian,Male,Under 18,3,Self-employed,Normal,Not a Pedestrian,Changing lane to the right,Slight Injury
18.50.00,Friday,Over 51,Male,Junior high school,Employee,1-2yr,Lorry (41?100Q),Owner,Unknown,No defect,Residential areas,Two-way (divided with broken lines road marking),Steep grade downward with mountainous terrain,Crossing,Asphalt roads,Wet or damp,Darkness - lights lit,Normal,Collision with roadside objects,2,1,Going straight,Pedestrian,Male,Over 51,3,,,Not a Pedestrian,Driving to the left,Slight Injury
18.45.00,Friday,31-50,Male,Junior high school,Employee,5-10yr,Pick up upto 10Q,Governmental,Unknown,No defect,Other,Two-way (divided with broken lines road marking),Tangent road with flat terrain,Y Shape,Asphalt roads,Wet or damp,Darkness - lights lit,Raining,Vehicle with vehicle collision,3,2,Moving Backward,,,,,Driver,Normal,Not a Pedestrian,Moving Backward,Slight Injury
18.45.00,Friday,31-50,Male,Junior high school,Employee,2-5yr,Public (> 45 seats),Governmental,Below 1yr,No defect,Other,Two-way (divided with broken lines road marking),Tangent road with flat terrain,Y Shape,Asphalt roads,Wet or damp,Darkness - lights lit,Raining,Vehicle with vehicle collision,3,2,Going straight,Driver or rider,Male,Over 51,3,Driver,Normal,Not a Pedestrian,No priority to vehicle,Slight Injury
18.45.00,Friday,31-50,Male,Junior high school,Employee,No Licence,Stationwagen,Owner,,,Other,Two-way (divided with broken lines road marking),,Y Shape,Asphalt roads,Wet or damp,Darkness - lights lit,Raining,Collision with pedestrians,3,2,Moving Backward,,,,,Other,Normal,Not a Pedestrian,No distancing,Slight Injury
11.45.00,Saturday,18-30,Male,Junior high school,Employee,Above 10yr,Automobile,Owner,Unknown,No defect,School areas,Double carriageway (median),Tangent road with flat terrain,Crossing,Asphalt roads,Wet or damp,Daylight,Normal,Vehicle with vehicle collision,2,1,Going straight,Driver or rider,Male,31-50,3,Self-employed,Normal,Not a Pedestrian,Driving carelessly,Slight Injury
11.45.00,Saturday,Under 18,Male,Junior high school,Employee,Above 10yr,Public (12 seats),Owner,Unknown,No defect,School areas,Double carriageway (median),Tangent road with flat terrain,Crossing,Asphalt roads,Wet or damp,Daylight,Normal,Collision with pedestrians,2,1,Going straight,Pedestrian,Female,Under 18,2,Self-employed,Normal,Unknown or other,Changing lane to the left,Slight Injury
11.30.00,Monday,Over 51,Male,Junior high school,Employee,5-10yr,Automobile,Owner,2-5yrs,No defect,School areas,Undivided Two way,Tangent road with flat terrain,Y Shape,Asphalt roads,Dry,Daylight,Normal,Vehicle with vehicle collision,2,1,Unknown,Pedestrian,Male,Under 18,3,Driver,Normal,Crossing from driver's nearside,No priority to vehicle,Slight Injury
11.30.00,Monday,Unknown,Male,High school,Employee,2-5yr,Automobile,Owner,Unknown,No defect,Residential areas,One way,Tangent road with flat terrain,Y Shape,Asphalt roads,Dry,Daylight,Normal,Vehicle with vehicle collision,2,1,Going straight,Passenger,Female,31-50,3,Employee,Normal,Not a Pedestrian,No priority to vehicle,Slight Injury
20.35.00,Monday,31-50,Male,High school,Owner,2-5yr,Automobile,Owner,Unknown,No defect,Other,Undivided Two way,Tangent road with flat terrain,Y Shape,Asphalt roads,Wet or damp,Darkness - lights lit,Raining,Collision with roadside objects,2,1,Going straight,Pedestrian,Female,Under 18,3,,,Not a Pedestrian,No distancing,Slight Injury
20.35.00,Monday,18-30,Male,Junior high school,Employee,Below 1yr,Lorry (41?100Q),Owner,Unknown,No defect,Office areas,Two-way (divided with broken lines road marking),Tangent road with flat terrain,Y Shape,Asphalt roads,Wet or damp,Darkness - lights lit,Raining,Vehicle with vehicle collision,2,1,Going straight,,,,,Driver,Normal,Not a Pedestrian,Driving to the left,Slight Injury
9.22.00,Monday,31-50,Male,Junior high school,Owner,Above 10yr,Automobile,Owner,5-10yrs,No defect,Other,Two-way (divided with broken lines road marking),Tangent road with flat terrain,No junction,Asphalt roads,Dry,Daylight,Normal,Vehicle with vehicle collision,1,1,Turnover,Driver or rider,Female,Over 51,3,Driver,Normal,Not a Pedestrian,Driving carelessly,Slight Injury
10.00.00,Monday,18-30,Male,Junior high school,Employee,Above 10yr,Automobile,Owner,Above 10yr,No defect,School areas,Undivided Two way,Tangent road with flat terrain,Y Shape,Asphalt roads,Dry,Daylight,Normal,Vehicle with vehicle collision,1,1,Going straight,Passenger,Female,18-30,3,Driver,Normal,Not a Pedestrian,Driving carelessly,Slight Injury
10.02.00,Tuesday,31-50,Male,Elementary school,Employee,2-5yr,Public (12 seats),Owner,5-10yrs,No defect,Other,Double carriageway (median),Tangent road with flat terrain,No junction,Asphalt roads,Dry,Daylight,Normal,Collision with pedestrians,1,1,Going straight,,,,,Self-employed,Normal,Not a Pedestrian,Changing lane to the right,Slight Injury
17.48.00,Tuesday,31-50,Male,Junior high school,Employee,2-5yr,Taxi,Owner,2-5yrs,No defect,Industrial areas,Two-way (divided with broken lines road marking),Tangent road with flat terrain,Y Shape,Asphalt roads,Wet or damp,Darkness - lights lit,Raining,Collision with roadside objects,2,1,Going straight,Driver or rider,Male,18-30,3,,Normal,Not a Pedestrian,Driving carelessly,Slight Injury
17.48.00,Tuesday,31-50,Male,Unknown,Employee,Above 10yr,Automobile,Owner,2-5yrs,No defect,Other,Two-way (divided with broken lines road marking),Tangent road with flat terrain,Y Shape,Asphalt roads,Wet or damp,Darkness - lights lit,Raining,Collision with pedestrians,2,1,Reversing,Passenger,Female,Over 51,3,Other,Normal,Not a Pedestrian,Changing lane to the left,Slight Injury
10.00.00,Tuesday,31-50,Male,Elementary school,Employee,5-10yr,Public (12 seats),Owner,Unknown,No defect,Office areas,Two-way (divided with broken lines road marking),Tangent road with flat terrain,Y Shape,Asphalt roads,Dry,Daylight,Normal,Vehicle with vehicle collision,1,1,Getting off,,,,,Driver,Normal,Not a Pedestrian,Driving carelessly,Slight Injury
20.30.00,Wednesday,31-50,Male,Junior high school,Employee,Below 1yr,Stationwagen,Owner,Unknown,No defect,Other,Two-way (divided with broken lines road marking),Tangent road with flat terrain,Y Shape,Asphalt roads,Dry,Darkness - lights lit,Normal,Vehicle with vehicle collision,2,1,Going straight,Pedestrian,Male,Over 51,3,Driver,Normal,Not a Pedestrian,Driving carelessly,Slight Injury
20.30.00,Wednesday,Unknown,Female,Elementary school,Employee,Below 1yr,Stationwagen,Owner,Unknown,No defect,Other,Two-way (divided with broken lines road marking),Tangent road with flat terrain,Y Shape,Asphalt roads,Dry,Darkness - lights lit,Normal,Vehicle with vehicle collision,2,1,Getting off,Driver or rider,Male,18-30,3,Driver,Normal,Not a Pedestrian,Driving under the influence of drugs,Slight Injury
19.00.00,Thursday,31-50,Male,Junior high school,Employee,Below 1yr,Automobile,Organization,Above 10yr,No defect,Outside rural areas,Undivided Two way,Tangent road with flat terrain,Crossing,Asphalt roads,Wet or damp,Darkness - lights lit,Normal,Vehicle with vehicle collision,2,1,Going straight,,,,,,,Not a Pedestrian,Driving carelessly,Slight Injury
19.00.00,Thursday,31-50,Male,Junior high school,Employee,5-10yr,Lorry (41?100Q),Owner,Unknown,No defect,Other,other,Tangent road with flat terrain,Crossing,Asphalt roads,Wet or damp,Darkness - lights lit,Normal,Vehicle with vehicle collision,2,1,Going straight,,,,,Driver,Normal,Not a Pedestrian,No distancing,Slight Injury
22.05.00,Thursday,18-30,Male,Junior high school,Owner,5-10yr,Automobile,Owner,Above 10yr,No defect,Residential areas,Two-way (divided with broken lines road marking),Tangent road with flat terrain,Crossing,Asphalt roads,Wet or damp,Darkness - lights lit,Raining,Collision with roadside objects,1,1,Going straight,Passenger,Female,Under 18,3,Driver,Normal,Not a Pedestrian,Driving carelessly,Slight Injury
23.52.00,Friday,31-50,Male,High school,Owner,5-10yr,Public (12 seats),Owner,Above 10yr,,Office areas,Two-way (divided with broken lines road marking),Tangent road with flat terrain,Crossing,Asphalt roads,Dry,Darkness - lights lit,Normal,Collision with roadside objects,1,2,Going straight,Driver or rider,Male,31-50,3,,,Not a Pedestrian,Driving to the left,Slight Injury
23.52.00,Friday,31-50,Male,Junior high school,Employee,5-10yr,Automobile,Owner,Unknown,,Office areas,Double carriageway (median),Tangent road with flat terrain,Crossing,Asphalt roads,Dry,Darkness - lights lit,Normal,Vehicle with vehicle collision,1,2,Going straight,Pedestrian,Female,Under 18,3,Driver,Normal,Crossing from offside - masked by  parked or statioNot a Pedestrianry vehicle,Overtaking,Slight Injury
12.20.00,Saturday,Over 51,Male,Junior high school,Employee,2-5yr,Automobile,,2-5yrs,,Hospital areas,One way,,No junction,Asphalt roads,Dry,Daylight,Normal,Vehicle with vehicle collision,2,1,Going straight,Pedestrian,Male,Over 51,3,Driver,Normal,Not a Pedestrian,No distancing,Serious Injury
12.20.00,Saturday,18-30,Male,Elementary school,Employee,5-10yr,Lorry (41?100Q),Owner,Unknown,,Industrial areas,Two-way (divided with broken lines road marking),Tangent road with flat terrain,No junction,Asphalt roads,Dry,Daylight,Normal,Vehicle with vehicle collision,2,1,Going straight,Driver or rider,Female,18-30,3,Self-employed,Normal,Not a Pedestrian,Driving carelessly,Serious Injury
10.50.00,Sunday,31-50,Male,Junior high school,Employee,2-5yr,Automobile,Owner,2-5yrs,No defect,Other,Undivided Two way,Tangent road with flat terrain,Y Shape,Asphalt roads,Dry,Daylight,Normal,Vehicle with vehicle collision,1,1,Going straight,Passenger,Female,18-30,3,Driver,Normal,Not a Pedestrian,No priority to vehicle,Slight Injury
18.35.00,Sunday,Unknown,Male,Junior high school,Employee,Below 1yr,Motorcycle,Owner,,,Office areas,Undivided Two way,Tangent road with flat terrain,No junction,Asphalt roads,Wet or damp,Darkness - lights lit,Normal,Vehicle with vehicle collision,1,1,Going straight,Pedestrian,Female,Under 18,3,Driver,Normal,Crossing from nearside - masked by parked or statioNot a Pedestrianry vehicle,No priority to vehicle,Slight Injury
15.56.00,Monday,Under 18,Male,Elementary school,Employee,2-5yr,,Owner,Unknown,No defect,Office areas,other,Tangent road with flat terrain,O Shape,Asphalt roads,Dry,Daylight,Normal,Vehicle with vehicle collision,2,1,Moving Backward,Pedestrian,Female,31-50,3,Driver,Normal,Crossing from nearside - masked by parked or statioNot a Pedestrianry vehicle,No priority to vehicle,Serious Injury
15.56.00,Monday,Unknown,Female,Junior high school,Employee,2-5yr,Automobile,Owner,Unknown,,Residential areas,Two-way (divided with broken lines road marking),Tangent road with flat terrain,O Shape,Asphalt roads,Dry,Daylight,Normal,Vehicle with vehicle collision,2,1,Going straight,Driver or rider,Male,Under 18,3,Driver,Normal,Not a Pedestrian,No priority to vehicle,Serious Injury
7.30.00,Wednesday,31-50,Male,Junior high school,Employee,2-5yr,Automobile,Owner,Unknown,,Residential areas,,Tangent road with flat terrain,Y Shape,Asphalt roads,Wet or damp,Daylight,Raining,Vehicle with vehicle collision,1,1,Going straight,,,,,Driver,Normal,Not a Pedestrian,No distancing,Slight Injury
14.56.00,Thursday,31-50,Male,Junior high school,Employee,5-10yr,Automobile,Owner,Unknown,No defect,School areas,Two-way (divided with broken lines road marking),Tangent road with flat terrain,Crossing,Asphalt roads,Wet or damp,Daylight,Raining,Vehicle with vehicle collision,1,1,Going straight,Pedestrian,Female,31-50,2,Driver,Normal,Not a Pedestrian,Moving Backward,Slight Injury
21.43.00,Thursday,31-50,Male,Junior high school,Employee,5-10yr,Public (> 45 seats),Governmental,Unknown,No defect,Other,Two-way (divided with broken lines road marking),Tangent road with flat terrain,Crossing,Asphalt roads,Dry,Darkness - lights lit,Normal,Vehicle with vehicle collision,2,1,Going straight,Pedestrian,Female,Under 18,3,Driver,Normal,Not a Pedestrian,No distancing,Slight Injury
21.43.00,Thursday,18-30,Unknown,Junior high school,Employee,,,Governmental,Unknown,No defect,Market areas,Undivided Two way,Tangent road with flat terrain,Crossing,Asphalt roads,Dry,Darkness - lights lit,Normal,Other,2,1,Going straight,Pedestrian,Female,Under 18,3,,,Crossing from nearside - masked by parked or statioNot a Pedestrianry vehicle,Changing lane to the left,Slight Injury
19.16.00,Thursday,18-30,Male,Junior high school,Owner,5-10yr,Automobile,Owner,Unknown,No defect,Office areas,other,Tangent road with flat terrain,Y Shape,Asphalt roads,Dry,Darkness - lights lit,Normal,Vehicle with vehicle collision,1,1,Going straight,Pedestrian,Male,18-30,2,Driver,Normal,Unknown or other,Changing lane to the left,Slight Injury
18.20.00,Sunday,Over 51,Male,Junior high school,Employee,2-5yr,Automobile,Owner,Unknown,No defect,Church areas,Two-way (divided with broken lines road marking),Tangent road with flat terrain,Crossing,Asphalt roads,Wet or damp,Darkness - lights lit,Raining,Collision with roadside objects,1,1,Going straight,Driver or rider,Female,31-50,3,,,Not a Pedestrian,No priority to pedestrian,Slight Injury
16.18.00,Saturday,18-30,Male,Junior high school,Employee,Below 1yr,Other,Governmental,Unknown,No defect,Church areas,Two-way (divided with broken lines road marking),Tangent road with flat terrain,Y Shape,Asphalt roads,Dry,Daylight,Normal,Vehicle with vehicle collision,1,1,Going straight,Driver or rider,Male,31-50,3,Driver,Normal,Not a Pedestrian,Moving Backward,Slight Injury
13.02.00,Sunday,18-30,Male,Junior high school,Employee,1-2yr,Stationwagen,Owner,Unknown,No defect,Residential areas,Double carriageway (median),Tangent road with flat terrain,Y Shape,Asphalt roads,Dry,Daylight,Normal,Vehicle with vehicle collision,2,1,Going straight,Driver or rider,Male,Under 18,3,Other,Normal,Not a Pedestrian,Changing lane to the left,Slight Injury
13.02.00,Sunday,31-50,Male,Junior high school,Employee,Below 1yr,Lorry (41?100Q),Owner,Above 10yr,No defect,Residential areas,Two-way (divided with broken lines road marking),Tangent road with flat terrain,Y Shape,Asphalt roads,Dry,Daylight,Normal,Vehicle with vehicle collision,2,1,Going straight,,,,,Self-employed,Normal,Not a Pedestrian,No distancing,Slight Injury
11.39.00,Saturday,Over 51,Male,Junior high school,Employee,Above 10yr,Taxi,Owner,Unknown,No defect,Residential areas,Double carriageway (median),Tangent road with flat terrain,No junction,Asphalt roads,Wet or damp,Daylight,Normal,Vehicle with vehicle collision,3,1,Going straight,Driver or rider,Male,Under 18,3,Driver,Normal,Not a Pedestrian,No priority to vehicle,Slight Injury
11.39.00,Saturday,Unknown,Female,Junior high school,Employee,Below 1yr,Other,Owner,Above 10yr,No defect,Residential areas,Two-way (divided with broken lines road marking),Tangent road with flat terrain,No junction,Asphalt roads,Wet or damp,Daylight,Normal,Vehicle with vehicle collision,3,1,Going straight,,,,,,,Not a Pedestrian,Changing lane to the right,Slight Injury
11.39.00,Saturday,Over 51,Male,Junior high school,Employee,2-5yr,Public (12 seats),Owner,1-2yr,No defect,Other,Double carriageway (median),Tangent road with flat terrain,No junction,Asphalt roads,Wet or damp,Daylight,Normal,Vehicle with vehicle collision,3,1,Going straight,Passenger,Female,31-50,3,Self-employed,Normal,Not a Pedestrian,No distancing,Slight Injury
16.00.00,Saturday,31-50,Male,Junior high school,Employee,1-2yr,Automobile,Owner,Unknown,No defect,Other,Two-way (divided with broken lines road marking),Tangent road with flat terrain,No junction,Asphalt roads,Dry,Daylight,Normal,Collision with roadside objects,1,1,Going straight,Driver or rider,Male,31-50,3,,,Not a Pedestrian,No distancing,Slight Injury
14.20.00,Sunday,Under 18,Male,Elementary school,Employee,5-10yr,Automobile,Owner,2-5yrs,No defect,Residential areas,Two-way (divided with broken lines road marking),Tangent road with flat terrain,Crossing,Asphalt roads,Dry,Daylight,Normal,Collision with roadside objects,1,1,Going straight,Pedestrian,Male,Under 18,3,,,Not a Pedestrian,Getting off the vehicle improperly,Serious Injury
16.01.00,Monday,31-50,Male,Junior high school,Owner,Below 1yr,Public (13?45 seats),Owner,Unknown,No defect,Other,other,Tangent road with flat terrain,Y Shape,Asphalt roads,Dry,Daylight,Normal,Vehicle with vehicle collision,1,1,Going straight,,,,,Driver,,Not a Pedestrian,No priority to pedestrian,Slight Injury
10.27.00,Monday,31-50,Male,Junior high school,Employee,Below 1yr,Lorry (41?100Q),Owner,Unknown,No defect,Church areas,Undivided Two way,Tangent road with flat terrain,Y Shape,Asphalt roads,Dry,Daylight,Normal,Collision with roadside objects,2,6,Going straight,Driver or rider,Male,31-50,3,,,Not a Pedestrian,Changing lane to the left,Slight Injury
10.27.00,Monday,31-50,Male,Writing & reading,Employee,Below 1yr,Lorry (41?100Q),Owner,Unknown,No defect,Other,Undivided Two way,Tangent road with flat terrain,Y Shape,Asphalt roads,Dry,Daylight,Normal,Collision with roadside objects,2,6,Reversing,Passenger,Female,18-30,3,Unemployed,Normal,Not a Pedestrian,No distancing,Slight Injury
10.27.00,Monday,31-50,Male,Junior high school,Employee,1-2yr,Lorry (11?40Q),Owner,Unknown,No defect,Office areas,Undivided Two way,Tangent road with flat terrain,Y Shape,Asphalt roads,Dry,Daylight,Normal,Vehicle with vehicle collision,2,6,Going straight,Passenger,Female,31-50,3,Driver,Normal,Not a Pedestrian,Driving carelessly,Slight Injury
10.27.00,Monday,31-50,Male,Elementary school,Owner,5-10yr,Motorcycle,Owner,2-5yrs,No defect,Office areas,Two-way (divided with broken lines road marking),Tangent road with flat terrain,Y Shape,Asphalt roads,Dry,Daylight,Normal,Vehicle with vehicle collision,2,6,Going straight,Passenger,Male,18-30,3,Driver,Normal,Not a Pedestrian,No distancing,Slight Injury
10.27.00,Monday,31-50,Male,Junior high school,Employee,2-5yr,Lorry (41?100Q),Owner,,,Residential areas,Undivided Two way,Tangent road with flat terrain,Y Shape,Asphalt roads,Dry,Daylight,Normal,Collision with roadside objects,2,6,Going straight,,,,,Driver,Normal,Not a Pedestrian,Changing lane to the right,Slight Injury