Time,Day_of_week,Age_band_of_driver,Sex_of_driver,Educational_level,Vehicle_driver_relation,Driving_experience,Type_of_vehicle,Owner_of_vehicle,Service_year_of_vehicle,Defect_of_vehicle,Area_accident_occured,Lanes_or_Medians,Road_allignment,Types_of_Junction,Road_surface_type,Road_surface_conditions,Light_conditions,Weather_conditions,Type_of_collision,Number_of_vehicles_involved,Number_of_casualties,Vehicle_movement,Casualty_class,Sex_of_casualty,Age_band_of_casualty,Casualty_severity,Work_of_casuality,Fitness_of_casuality,Pedestrian_movement,Cause_of_accident,Accident_severity
23.21.00,Thursday,Under 18,Male,,,5-10yr,Public (12 seats),Owner,,No defect,Office areas,Undivided Two way,Tangent road with flat terrain,No junction,Asphalt roads,Dry,Darkness - lights lit,Normal,Collision with pedestrians,1,2,Going straight,,,,,Driver,Normal,Not a Pedestrian,No priority to pedestrian,Slight Injury
8.40.00,Thursday,Unknown,Female,Junior high school,Employee,Above 10yr,,Owner,2-5yrs,No defect,Office areas,Double carriageway (median),Escarpments,No junction,Asphalt roads,Dry,Daylight,Normal,Vehicle with vehicle collision,3,2,Going straight,,,,,,,Not a Pedestrian,Driving carelessly,Slight Injury
8.40.00,Thursday,18-30,Male,Junior high school,Employee,Above 10yr,Taxi,Owner,Above 10yr,No defect,Office areas,other,Tangent road with flat terrain,No junction,Asphalt roads,Dry,Daylight,Normal,Vehicle with vehicle collision,3,2,Going straight,Driver or rider,Male,Under 18,3,Driver,Normal,Not a Pedestrian,Changing lane to the right,Slight Injury
8.40.00,Thursday,18-30,Male,Elementary school,Employee,Below 1yr,,Owner,1-2yr,No defect,Office areas,Undivided Two way,Escarpments,No junction,Asphalt roads,Dry,Daylight,Normal,Collision with roadside objects,3,2,Going straight,Driver or rider,Male,18-30,3,,,Not a Pedestrian,Changing lane to the left,Slight Injury
8.40.00,Thursday,31-50,Male,Elementary school,Employee,5-10yr,Automobile,Owner,,No defect,Office areas,One way,Tangent road with flat terrain,No junction,Asphalt roads,Dry,Daylight,Normal,Vehicle with vehicle collision,3,2,Going straight,,,,,Driver,Normal,Not a Pedestrian,Driving carelessly,Slight Injury
17.40.00,Monday,31-50,Male,Elementary school,Owner,5-10yr,,Owner,,No defect,Office areas,Undivided Two way,Tangent road with flat terrain,Crossing,Asphalt roads,Dry,Daylight,Unknown,Vehicle with vehicle collision,2,1,Going straight,Pedestrian,Male,18-30,3,Driver,Normal,Unknown or other,Driving carelessly,Slight Injury
17.40.00,Monday,Under 18,Male,Elementary school,Employee,2-5yr,Lorry (41?100Q),Owner,,No defect,Office areas,other,Tangent road with flat terrain,Crossing,Asphalt roads,Dry,Daylight,Unknown,Collision with pedestrians,2,1,Going straight,,,,,Driver,Normal,Not a Pedestrian,No distancing,Slight Injury
10.56.00,Friday,18-30,Male,Elementary school,Employee,Above 10yr,Automobile,Owner,Above 10yr,No defect,Residential areas,other,Tangent road with flat terrain,Other,Asphalt roads,Wet or damp,Daylight,Normal,Vehicle with vehicle collision,1,2,Going straight,Pedestrian,Male,Over 51,3,,,Not a Pedestrian,Other,Slight Injury
10.56.00,Friday,18-30,Male,Elementary school,Employee,2-5yr,Automobile,Owner,5-10yrs,No defect,Residential areas,One way,Tangent road with flat terrain,Other,Asphalt roads,Wet or damp,Daylight,Normal,Vehicle with vehicle collision,1,2,Moving Backward,Driver or rider,Male,31-50,3,,,Not a Pedestrian,Changing lane to the right,Slight Injury
13.00.00,Tuesday,Unknown,Male,Junior high school,Employee,Above 10yr,Lorry (41?100Q),Owner,,No defect,Other,One way,Tangent road with flat terrain,O Shape,Asphalt roads,Dry,Daylight,Normal,Collision with pedestrians,2,1,Going straight,,,,,Driver,Normal,Not a Pedestrian,Changing lane to the right,Slight Injury
13.00.00,Tuesday,18-30,Male,Junior high school,Employee,Below 1yr,Automobile,Owner,5-10yrs,No defect,Church areas,Undivided Two way,Tangent road with flat terrain,O Shape,Asphalt roads,Dry,Daylight,Normal,Collision with pedestrians,2,1,Moving Backward,Pedestrian,Female,5,3,Driver,Normal,Not a Pedestrian,No distancing,Slight Injury
9.30.00,Friday,Unknown,Male,Junior high school,Employee,2-5yr,Automobile,Owner,,No defect,Recreational areas,other,Tangent road with flat terrain,Y Shape,Asphalt roads,Dry,Daylight,Normal,Collision with pedestrians,1,1,Moving Backward,Pedestrian,Male,Over 51,3,Driver,Normal,Not a Pedestrian,No distancing,Slight Injury
15.00.00,Wednesday,Unknown,Male,Elementary school,Employee,5-10yr,Automobile,Owner,,,Industrial areas,Undivided Two way,Tangent road with flat terrain,No junction,Asphalt roads,Dry,Daylight,Normal,Collision with roadside objects,2,1,Going straight,Driver or rider,Male,Under 18,3,Driver,Normal,Not a Pedestrian,Overturning,Slight Injury
15.00.00,Wednesday,18-30,Male,Elementary school,Employee,5-10yr,Taxi,,,,Residential areas,other,,No junction,Asphalt roads,Dry,Daylight,Normal,Vehicle with vehicle collision,2,1,Going straight,,,,,Self-employed,Normal,Not a Pedestrian,Driving at high speed,Slight Injury
17.10.00,Thursday,31-50,Male,Elementary school,Employee,1-2yr,,Owner,Above 10yr,No defect,Residential areas,other,Tangent road with rolling terrain,Crossing,Asphalt roads,Dry,Daylight,Normal,Vehicle with vehicle collision,2,1,Going straight,Driver or rider,Male,Under 18,3,Self-employed,Normal,Not a Pedestrian,No priority to vehicle,Serious Injury
17.10.00,Thursday,18-30,Male,Elementary school,Employee,,,Owner,2-5yrs,No defect,Office areas,Double carriageway (median),Tangent road with flat terrain,Crossing,Asphalt roads,Dry,Daylight,Normal,Vehicle with vehicle collision,2,1,Going straight,Pedestrian,Female,18-30,3,Driver,Normal,Not a Pedestrian,No priority to pedestrian,Serious Injury
15.04.00,Saturday,18-30,Male,Junior high school,Employee,1-2yr,Automobile,Owner,2-5yrs,No defect,Market areas,Undivided Two way,Tangent road with flat terrain,Y Shape,Asphalt roads,Wet or damp,Daylight,Normal,Vehicle with vehicle collision,2,4,Going straight,Driver or rider,Male,Under 18,3,,,Not a Pedestrian,No priority to vehicle,Fatal injury
15.04.00,Saturday,31-50,Male,,Employee,5-10yr,Pick up upto 10Q,,,,Unknown,other,Tangent road with flat terrain,Y Shape,Asphalt roads,Wet or damp,Daylight,Normal,Vehicle with vehicle collision,2,4,Going straight,,,,,,,Not a Pedestrian,Other,Fatal injury
15.04.00,Saturday,31-50,Male,Elementary school,Owner,1-2yr,,Owner,,No defect,Industrial areas,other,Tangent road with flat terrain,Y Shape,Asphalt roads,Wet or damp,Daylight,Normal,Vehicle with vehicle collision,2,4,,Driver or rider,Male,Over 51,3,,,Not a Pedestrian,Other,Fatal injury
15.04.00,Saturday,31-50,Male,Junior high school,Employee,5-10yr,Automobile,Owner,,No defect,Residential areas,Two-way (divided with solid lines road marking),Tangent road with flat terrain,Y Shape,Asphalt roads with some distress,Wet or damp,Daylight,Normal,Collision with pedestrians,2,4,Other,,,,,Driver,Normal,Not a Pedestrian,Moving Backward,Fatal injury
15.15.00,Tuesday,Under 18,Male,Junior high school,Employee,2-5yr,Public (12 seats),Governmental,Below 1yr,No defect,Residential areas,Undivided Two way,Tangent road with flat terrain,Y Shape,Asphalt roads,Dry,Daylight,Normal,Collision with roadside objects,1,1,Going straight,Driver or rider,Male,5,3,,Normal,Not a Pedestrian,No distancing,Serious Injury
11.27.00,Sunday,18-30,Male,Junior high school,Employee,2-5yr,Public (13?45 seats),Owner,5-10yrs,No defect,Other,Undivided Two way,Tangent road with flat terrain,Y Shape,Asphalt roads,Dry,Daylight,Normal,Vehicle with vehicle collision,2,1,,,,,,Driver,Normal,Not a Pedestrian,Moving Backward,Slight Injury
11.27.00,Sunday,Over 51,Male,Junior high school,Employee,5-10yr,Lorry (11?40Q),Governmental,,No defect,Residential areas,other,Tangent road with flat terrain,Y Shape,Asphalt roads,Dry,Daylight,Normal,Vehicle with vehicle collision,2,1,Overtaking,,,,,Driver,Normal,Not a Pedestrian,No priority to vehicle,Slight Injury
10.15.00,Monday,31-50,Male,Junior high school,Owner,Below 1yr,Stationwagen,Owner,1-2yr,No defect,Rural village areas,Undivided Two way,Gentle horizontal curve,Y Shape,Asphalt roads,Dry,Daylight,Normal,Vehicle with vehicle collision,2,1,Reversing,,,,,,,Not a Pedestrian,Driving carelessly,Slight Injury
10.15.00,Monday,Over 51,Male,High school,Employee,Below 1yr,Ridden horse,Owner,2-5yrs,No defect,Rural village areas,Undivided Two way,Gentle horizontal curve,Y Shape,Gravel roads,Dry,Daylight,Normal,Vehicle with vehicle collision,2,1,Going straight,Pedestrian,Female,18-30,3,Self-employed,Normal,Not a Pedestrian,No distancing,Slight Injury
22.30.00,Saturday,Under 18,Male,Junior high school,Employee,,Stationwagen,Owner,,No defect,Office areas,Double carriageway (median),Tangent road with flat terrain,Y Shape,Asphalt roads,Wet or damp,Darkness - lights lit,Raining,With Train,2,1,Other,Pedestrian,Female,31-50,3,Driver,Normal,Not a Pedestrian,Other,Slight Injury
22.30.00,Saturday,Unknown,Male,Junior high school,Employee,Below 1yr,Automobile,Owner,2-5yrs,No defect,Residential areas,Undivided Two way,Gentle horizontal curve,Y Shape,Asphalt roads,Wet or damp,Darkness - lights lit,Raining,Vehicle with vehicle collision,2,1,Moving Backward,Driver or rider,Male,31-50,3,Driver,Normal,Not a Pedestrian,Changing lane to the right,Slight Injury
14.25.00,Friday,31-50,Male,Junior high school,Employee,2-5yr,Automobile,Owner,,,Residential areas,other,Tangent road with flat terrain,No junction,Asphalt roads,Dry,Daylight,Normal,Vehicle with vehicle collision,2,1,Going straight,Pedestrian,Female,31-50,3,Driver,Normal,Not a Pedestrian,No distancing,Slight Injury
14.25.00,Friday,Unknown,Female,Junior high school,Employee,2-5yr,Other,Owner,,7,Outside rural areas,other,Tangent road with flat terrain,No junction,Asphalt roads,Dry,Daylight,Normal,Vehicle with vehicle collision,2,1,Other,Driver or rider,Female,18-30,3,Driver,Normal,Not a Pedestrian,Driving carelessly,Slight Injury
22.15.00,Friday,Unknown,Male,Junior high school,Employee,5-10yr,Taxi,Owner,Above 10yr,,Residential areas,other,Tangent road with flat terrain,Crossing,Asphalt roads,Dry,Darkness - lights lit,Normal,Vehicle with vehicle collision,2,2,Moving Backward,Driver or rider,Male,31-50,3,Driver,Normal,Not a Pedestrian,No distancing,Slight Injury
22.15.00,Friday,31-50,Male,Elementary school,Employee,5-10yr,Automobile,Owner,5-10yrs,5,Church areas,other,Tangent road with flat terrain,Crossing,Asphalt roads,Dry,Darkness - lights lit,Normal,Vehicle with vehicle collision,2,2,Going straight,,,,,Driver,Normal,Not a Pedestrian,No priority to vehicle,Slight Injury
22.15.00,Friday,31-50,Male,,Owner,5-10yr,Stationwagen,Owner,,No defect,Office areas,Undivided Two way,Tangent road with flat terrain,Crossing,Asphalt roads,Dry,Darkness - lights lit,Normal,Vehicle with vehicle collision,2,2,Going straight,,,,,Driver,Normal,Not a Pedestrian,Changing lane to the right,Slight Injury
14.30.00,Tuesday,Over 51,Male,Junior high school,Employee,5-10yr,Automobile,Owner,Unknown,No defect,Office areas,Two-way (divided with broken lines road marking),Tangent road with mountainous terrain and,Y Shape,Asphalt roads,Dry,Daylight,Normal,Vehicle with vehicle collision,1,1,Moving Backward,,,,,Driver,Normal,Not a Pedestrian,No priority to pedestrian,Slight Injury
14.28.00,Saturday,31-50,Male,Junior high school,Owner,5-10yr,Public (12 seats),Governmental,,No defect,Office areas,Two-way (divided with broken lines road marking),Escarpments,Y Shape,Asphalt roads,Wet or damp,Daylight,Raining,Vehicle with vehicle collision,2,1,Going straight,Driver or rider,Male,Over 51,3,Driver,Normal,Not a Pedestrian,No priority to vehicle,Slight Injury
14.28.00,Saturday,31-50,Male,Illiterate,Employee,2-5yr,,Owner,2-5yrs,,Other,Undivided Two way,Tangent road with mountainous terrain and,Y Shape,Asphalt roads,Wet or damp,Daylight,Raining,Vehicle with vehicle collision,2,1,Getting off,Passenger,Female,31-50,3,Driver,Normal,Not a Pedestrian,Changing lane to the left,Slight Injury
22.05.00,Saturday,18-30,Male,Junior high school,Employee,5-10yr,Automobile,Owner,2-5yrs,,Other,Undivided Two way,Tangent road with flat terrain,Crossing,Asphalt roads,Dry,Darkness - no lighting,Normal,Collision with pedestrians,2,3,Going straight,,,,,,,Not a Pedestrian,Turnover,Slight Injury
22.05.00,Saturday,18-30,Male,Junior high school,Employee,Below 1yr,Lorry (41?100Q),Owner,Unknown,No defect,Residential areas,Two-way (divided with broken lines road marking),Tangent road with flat terrain,Crossing,Asphalt roads,Dry,Darkness - no lighting,Normal,Collision with roadside objects,2,3,Going straight,Driver or rider,Male,18-30,3,Self-employed,Normal,Not a Pedestrian,Driving to the left,Slight Injury
22.05.00,Saturday,31-50,Male,Junior high school,Employee,1-2yr,,Owner,,,Other,Two-way (divided with broken lines road marking),Tangent road with flat terrain,Crossing,Asphalt roads,Dry,Darkness - no lighting,Normal,Collision with roadside objects,2,3,Moving Backward,,,,,Self-employed,Normal,Not a Pedestrian,Driving carelessly,Slight Injury
8.45.00,Monday,18-30,Male,Elementary school,Employee,2-5yr,Public (> 45 seats),Owner,Below 1yr,,Other,Undivided Two way,Tangent road with mild grade and flat terrain,No junction,Asphalt roads,Dry,Daylight,Normal,Vehicle with vehicle collision,2,1,Going straight,Driver or rider,Male,Under 18,3,Driver,Normal,Not a Pedestrian,Driving to the left,Slight Injury
8.45.00,Monday,31-50,Male,Elementary school,Employee,2-5yr,,Owner,5-10yrs,,Other,Two-way (divided with broken lines road marking),Tangent road with flat terrain,No junction,Asphalt roads,Dry,Daylight,Normal,Vehicle with vehicle collision,2,1,Going straight,Passenger,Male,Over 51,2,Driver,Normal,Not a Pedestrian,Driving carelessly,Slight Injury
9.00.00,Friday,Unknown,Female,Elementary school,Employee,5-10yr,Public (12 seats),Governmental,5-10yrs,No defect,Other,Undivided Two way,Tangent road with flat terrain,No junction,Asphalt roads,Dry,Daylight,Normal,Vehicle with vehicle collision,1,1,Going straight,Pedestrian,Male,5,3,Self-employed,Normal,Crossing from nearside - masked by parked or statioNot a Pedestrianry vehicle,No priority to pedestrian,Slight Injury
10.30.00,Friday,Unknown,Unknown,Junior high school,Employee,5-10yr,Public (12 seats),Owner,2-5yrs,No defect,Other,Double carriageway (median),Tangent road with mild grade and flat terrain,No junction,Asphalt roads,Wet or damp,Daylight,Raining,Vehicle with vehicle collision,2,1,Going straight,,,,,Self-employed,Normal,Not a Pedestrian,Driving carelessly,Slight Injury
10.30.00,Friday,31-50,Male,,,,Automobile,Owner,,No defect,Other,Two-way (divided with broken lines road marking),Tangent road with flat terrain,No junction,Asphalt roads,Wet or damp,Daylight,Raining,Vehicle with vehicle collision,2,1,Going straight,Driver or rider,Male,31-50,3,,,Not a Pedestrian,Changing lane to the right,Slight Injury
18.30.00,Friday,Unknown,Male,Junior high school,Employee,Above 10yr,,Owner,2-5yrs,,Church areas,Two-way (divided with broken lines road marking),Tangent road with flat terrain,No junction,Asphalt roads,Dry,Daylight,Normal,Collision with roadside objects,2,1,Moving Backward,,,,,Employee,Normal,Not a Pedestrian,Moving Backward,Slight Injury
18.30.00,Friday,31-50,Male,Junior high school,Employee,Above 10yr,Automobile,Owner,5-10yrs,,Other,Undivided Two way,Tangent road with flat terrain,No junction,Asphalt roads,Dry,Daylight,Normal,Vehicle with vehicle collision,2,1,Going straight,Driver or rider,Male,Over 51,3,,,Not a Pedestrian,Driving carelessly,Slight Injury
17.11.00,Wednesday,31-50,Male,Junior high school,Owner,Above 10yr,Lorry (41?100Q),Organization,2-5yrs,,Industrial areas,Two-way (divided with broken lines road marking),Tangent road with flat terrain,Unknown,Earth roads,Dry,Daylight,Normal,Vehicle with vehicle collision,1,1,Going straight,Driver or rider,Male,18-30,3,,,Not a Pedestrian,Changing lane to the right,Slight Injury
13.02.00,Tuesday,18-30,Male,Junior high school,Employee,unknown,Public (12 seats),Owner,,No defect,Residential areas,Double carriageway (median),Tangent road with flat terrain,No junction,Asphalt roads,Dry,Daylight,Normal,Vehicle with vehicle collision,2,3,Moving Backward,,,,,,,Not a Pedestrian,Driving carelessly,Slight Injury
13.02.00,Tuesday,18-30,Male,Junior high school,Employee,5-10yr,Lorry (11?40Q),Governmental,Above 10yr,No defect,Other,Two-way (divided with broken lines road marking),Tangent road with flat terrain,No junction,Asphalt roads,Dry,Daylight,Normal,Vehicle with vehicle collision,2,3,Moving Backward,Driver or rider,Male,18-30,3,Driver,Normal,Not a Pedestrian,Driving carelessly,Slight Injury
13.02.00,Tuesday,18-30,Male,Junior high school,Employee,2-5yr,Automobile,Owner,,No defect,Office areas,Two-way (divided with broken lines road marking),Tangent road with flat terrain,No junction,Asphalt roads,Dry,Daylight,Normal,Vehicle with vehicle collision,2,3,Going straight,,,,,Driver,Normal,Not a Pedestrian,Driving carelessly,Slight Injury
13.02.00,Tuesday,18-30,Male,Elementary school,Employee,5-10yr,Automobile,Owner,,No defect,Industrial areas,Unknown,Tangent road with flat terrain,No junction,Asphalt roads,Dry,Daylight,Normal,Vehicle with vehicle collision,2,3,Going straight,Pedestrian,Male,18-30,3,Driver,Normal,Not a Pedestrian,Changing lane to the right,Slight Injury
17.10.00,Wednesday,Over 51,Male,Junior high school,Employee,2-5yr,Automobile,Owner,1-2yr,No defect,Industrial areas,Double carriageway (median),Tangent road with flat terrain,Crossing,Asphalt roads,Dry,Daylight,Unknown,Collision with pedestrians,2,1,Going straight,Pedestrian,Male,Over 51,3,Driver,Normal,Not a Pedestrian,Changing lane to the right,Slight Injury
17.10.00,Wednesday,Under 18,Male,High school,Owner,5-10yr,Bajaj,Owner,,No defect,Other,Two-way (divided with broken lines road marking),Tangent road with flat terrain,Crossing,Asphalt roads,Dry,Daylight,Unknown,Collision with pedestrians,2,1,Going straight,Driver or rider,Female,31-50,3,Driver,Normal,Not a Pedestrian,Driving carelessly,Slight Injury
15.20.00,Wednesday,31-50,Male,Junior high school,Employee,Above 10yr,Public (12 seats),Organization,Above 10yr,,Hospital areas,Two-way (divided with broken lines road marking),Tangent road with flat terrain,No junction,Asphalt roads,Dry,Daylight,Normal,Collision with roadside objects,1,1,Going straight,,,,,Self-employed,Normal,Not a Pedestrian,Overtaking,Slight Injury
20.25.00,Saturday,Unknown,Male,Junior high school,Employee,2-5yr,Lorry (11?40Q),Owner,Unknown,,Office areas,One way,Tangent road with flat terrain,No junction,Asphalt roads,Dry,Daylight,Normal,Collision with pedestrians,2,2,Going straight,Driver or rider,Male,Over 51,3,Self-employed,Normal,Not a Pedestrian,Changing lane to the right,Slight Injury
20.25.00,Saturday,18-30,Male,Elementary school,Employee,2-5yr,,Owner,2-5yrs,No defect,Church areas,Undivided Two way,Tangent road with flat terrain,No junction,Asphalt roads,Dry,Daylight,Normal,Vehicle with vehicle collision,2,2,Going straight,,,,,Self-employed,Normal,Not a Pedestrian,No distancing,Slight Injury
20.25.00,Saturday,18-30,Male,High school,Owner,Above 10yr,,Organization,5-10yrs,No defect,Hospital areas,Undivided Two way,Tangent road with mountainous terrain and,No junction,Asphalt roads with some distress,Dry,Daylight,Normal,Vehicle with vehicle collision,2,2,Going straight,,,,,Self-employed,Normal,Not a Pedestrian,Other,Slight Injury
7.49.00,Thursday,31-50,Male,Elementary school,Employee,1-2yr,Automobile,Owner,Above 10yr,No defect,Office areas,other,Tangent road with flat terrain,Y Shape,Asphalt roads,Dry,Daylight,Normal,Vehicle with vehicle collision,2,3,Going straight,Driver or rider,Male,18-30,3,,,Not a Pedestrian,Changing lane to the right,Serious Injury
7.49.00,Thursday,18-30,Male,Junior high school,Employee,Above 10yr,Lorry (11?40Q),Owner,2-5yrs,No defect,Other,Two-way (divided with broken lines road marking),Escarpments,Y Shape,Asphalt roads,Dry,Daylight,Normal,Collision with roadside objects,2,3,Going straight,Driver or rider,Male,18-30,3,Self-employed,Normal,Not a Pedestrian,Changing lane to the right,Serious Injury
7.49.00,Thursday,18-30,Male,,,,Lorry (41?100Q),Owner,1-2yr,,Office areas,Undivided Two way,Tangent road with flat terrain,Y Shape,Asphalt roads,Dry,Daylight,Normal,Collision with roadside objects,2,3,Other,,,,,Self-employed,Normal,Not a Pedestrian,Overtaking,Serious Injury
7.49.00,Thursday,18-30,Male,Junior high school,Owner,5-10yr,Pick up upto 10Q,Owner,2-5yrs,,Office areas,Two-way (divided with broken lines road marking),Tangent road with mountainous terrain and,Y Shape,Asphalt roads,Dry,Daylight,Normal,Vehicle with vehicle collision,2,3,Going straight,Passenger,Female,31-50,3,Self-employed,Normal,Not a Pedestrian,Other,Serious Injury
14.00.00,Monday,31-50,Male,Above high school,Employee,5-10yr,Lorry (11?40Q),Owner,,No defect,Other,Double carriageway (median),Steep grade downward with mountainous terrain,Y Shape,Asphalt roads,Dry,Daylight,Normal,Vehicle with vehicle collision,2,1,Reversing,Driver or rider,Male,Under 18,3,Driver,Normal,Not a Pedestrian,Driving to the left,Slight Injury
14.00.00,Monday,Unknown,Male,Junior high school,Employee,5-10yr,Stationwagen,Owner,1-2yr,No defect,Office areas,Undivided Two way,Tangent road with mild grade and flat terrain,Y Shape,Asphalt roads,Dry,Daylight,Normal,Vehicle with vehicle collision,2,1,Going straight,,,,,,,Not a Pedestrian,Overtaking,Slight Injury
8.20.00,Sunday,18-30,Male,Junior high school,Employee,Above 10yr,Other,Owner,,No defect,Residential areas,Undivided Two way,Tangent road with flat terrain,Y Shape,Asphalt roads,Dry,Daylight,Unknown,Vehicle with vehicle collision,1,1,Reversing,Driver or rider,Male,Over 51,3,Driver,Normal,Not a Pedestrian,No priority to vehicle,Slight Injury
15.55.00,Monday,Over 51,Male,Junior high school,Employee,1-2yr,Other,Owner,Unknown,,Other,Two-way (divided with broken lines road marking),Tangent road with flat terrain,Other,Asphalt roads,Dry,Daylight,Normal,Vehicle with vehicle collision,2,1,Going straight,,,,,Driver,Normal,Not a Pedestrian,Moving Backward,Slight Injury
15.55.00,Monday,31-50,Male,Junior high school,Employee,2-5yr,Lorry (11?40Q),Owner,2-5yrs,,Office areas,Double carriageway (median),Tangent road with flat terrain,Other,Asphalt roads,Dry,Daylight,Normal,Vehicle with vehicle collision,2,1,Reversing,,,,,Self-employed,Normal,Not a Pedestrian,Other,Slight Injury
13.15.00,Friday,Over 51,Male,Junior high school,Employee,Below 1yr,Automobile,Owner,5-10yrs,,Office areas,Undivided Two way,Tangent road with mountainous terrain and,Y Shape,Asphalt roads,Dry,Daylight,Normal,Vehicle with vehicle collision,2,2,,Driver or rider,Male,31-50,2,Driver,Normal,Not a Pedestrian,No priority to vehicle,Serious Injury
13.15.00,Friday,Over 51,Male,Junior high school,Employee,Above 10yr,Public (> 45 seats),,,,Office areas,other,Tangent road with flat terrain,Y Shape,Asphalt roads,Dry,Daylight,Normal,Vehicle with vehicle collision,2,2,Going straight,Driver or rider,Male,18-30,3,Driver,Normal,Not a Pedestrian,No priority to pedestrian,Serious Injury
13.15.00,Friday,Over 51,Male,Junior high school,Employee,1-2yr,Lorry (41?100Q),Owner,5-10yrs,No defect,Other,Two-way (divided with broken lines road marking),Tangent road with mild grade and flat terrain,Y Shape,Asphalt roads,Dry,Daylight,Normal,Vehicle with vehicle collision,2,2,Reversing,,,,,,,Not a Pedestrian,Changing lane to the right,Serious Injury
12.30.00,Friday,18-30,Male,Above high school,Employee,5-10yr,Public (> 45 seats),Owner,,No defect,Church areas,Undivided Two way,Tangent road with flat terrain,No junction,Asphalt roads,Dry,Daylight,Normal,Collision with roadside objects,1,1,Other,,,,,Driver,Normal,Not a Pedestrian,Changing lane to the right,Slight Injury
14.10.00,Wednesday,18-30,Male,Junior high school,Employee,5-10yr,,Owner,Unknown,No defect,Industrial areas,Undivided Two way,Tangent road with flat terrain,Y Shape,Asphalt roads,Dry,Daylight,Normal,Collision with roadside objects,2,1,Going straight,Driver or rider,Female,Under 18,3,Driver,Normal,Not a Pedestrian,Changing lane to the right,Slight Injury
14.10.00,Wednesday,Over 51,Male,Elementary school,Owner,Below 1yr,,Owner,1-2yr,No defect,Office areas,Double carriageway (median),Tangent road with flat terrain,Y Shape,Asphalt roads,Dry,Daylight,Normal,Collision with pedestrians,2,1,Going straight,Driver or rider,Male,18-30,3,Driver,Normal,Not a Pedestrian,Driving to the left,Slight Injury
10.34.00,Monday,31-50,Male,,,,Automobile,Owner,Unknown,No defect,Church areas,Undivided Two way,Tangent road with flat terrain,Crossing,Asphalt roads,Dry,Daylight,Normal,Vehicle with vehicle collision,1,1,Going straight,,,,,Driver,Normal,Not a Pedestrian,Changing lane to the left,Slight Injury
12.45.00,Wednesday,Under 18,Male,Junior high school,Employee,Above 10yr,Automobile,Owner,,,Office areas,Undivided Two way,Tangent road with flat terrain,No junction,Asphalt roads,Dry,Daylight,Normal,Vehicle with vehicle collision,1,1,Moving Backward,Passenger,Female,18-30,3,Driver,Normal,Not a Pedestrian,Moving Backward,Slight Injury
8.20.00,Sunday,18-30,Male,Junior high school,,,Lorry (41?100Q),Owner,,No defect,Office areas,other,Tangent road with flat terrain,Y Shape,Asphalt roads,Wet or damp,Daylight,Raining,Vehicle with vehicle collision,1,1,Going straight,,,,,Self-employed,Normal,Not a Pedestrian,Driving at high speed,Serious Injury
17.44.00,Saturday,Unknown,Male,Junior high school,Employee,1-2yr,Automobile,Owner,,,Residential areas,Two-way (divided with broken lines road marking),Tangent road with flat terrain,Y Shape,,Dry,Daylight,Normal,Vehicle with vehicle collision,2,1,Going straight,,,,,,,Not a Pedestrian,Moving Backward,Slight Injury
17.44.00,Saturday,31-50,Male,Junior high school,Owner,2-5yr,Public (13?45 seats),Owner,5-10yrs,,Office areas,Two-way (divided with broken lines road marking),Tangent road with flat terrain,Y Shape,Asphalt roads,Dry,Daylight,Normal,Vehicle with vehicle collision,2,1,Going straight,Pedestrian,Male,31-50,3,Self-employed,Normal,Not a Pedestrian,No distancing,Slight Injury
12.00.00,Saturday,18-30,Male,,Employee,unknown,Automobile,Owner,5-10yrs,,Residential areas,Undivided Two way,Tangent road with flat terrain,Crossing,Asphalt roads,Dry,Daylight,Normal,Vehicle with vehicle collision,2,2,Going straight,Driver or rider,Male,Over 51,3,Driver,Normal,Not a Pedestrian,Other,Slight Injury
12.00.00,Saturday,Over 51,Male,Junior high school,Employee,Above 10yr,Public (> 45 seats),Owner,2-5yrs,,Office areas,Double carriageway (median),Tangent road with flat terrain,Crossing,Asphalt roads,Dry,Daylight,Normal,Vehicle with vehicle collision,2,2,Other,,,,,,,Not a Pedestrian,No priority to vehicle,Slight Injury
12.00.00,Saturday,Over 51,Male,Junior high school,Owner,2-5yr,Lorry (41?100Q),Owner,2-5yrs,No defect,Office areas,Double carriageway (median),Tangent road with flat terrain,Crossing,Asphalt roads,Dry,Daylight,Normal,Vehicle with vehicle collision,2,2,,,,,,,,Not a Pedestrian,Changing lane to the right,Slight Injury
14.51.00,Friday,Over 51,Male,Junior high school,Employee,5-10yr,Automobile,,,No defect,Other,Two-way (divided with broken lines road marking),Tangent road with flat terrain,Y Shape,Asphalt roads,Dry,Daylight,Normal,Vehicle with vehicle collision,2,2,Going straight,Passenger,Female,Under 18,3,Driver,Normal,Not a Pedestrian,Other,Slight Injury
14.51.00,Friday,Under 18,Male,Junior high school,Employee,2-5yr,Lorry (11?40Q),Owner,Unknown,No defect,Other,Two-way (divided with broken lines road marking),Tangent road with flat terrain,Y Shape,Asphalt roads,Dry,Daylight,Normal,Collision with pedestrians,2,2,Turnover,Driver or rider,Male,31-50,3,Driver,Normal,Not a Pedestrian,No distancing,Slight Injury
13.30.00,Friday,18-30,Male,Junior high school,Employee,1-2yr,Public (13?45 seats),Owner,Above 10yr,No defect,Residential areas,Two-way (divided with broken lines road marking),Tangent road with flat terrain,No junction,Asphalt roads,Dry,Daylight,Normal,Collision with pedestrians,2,1,Going straight,,,,,Driver,Normal,Not a Pedestrian,Driving carelessly,Slight Injury