Time,Day_of_week,Age_band_of_driver,Sex_of_driver,Educational_level,Vehicle_driver_relation,Driving_experience,Type_of_vehicle,Owner_of_vehicle,Service_year_of_vehicle,Defect_of_vehicle,Area_accident_occured,Lanes_or_Medians,Road_allignment,Types_of_Junction,Road_surface_type,Road_surface_conditions,Light_conditions,Weather_conditions,Type_of_collision,Number_of_vehicles_involved,Number_of_casualties,Vehicle_movement,Casualty_class,Sex_of_casualty,Age_band_of_casualty,Casualty_severity,Work_of_casuality,Fitness_of_casuality,Pedestrian_movement,Cause_of_accident,Accident_severity
17.10.00,Friday,18-30,Male,Elementary school,Employee,2-5yr,Lorry (41?100Q),Owner,Above 10yr,No defect,Residential areas,,Tangent road with flat terrain,No junction,Asphalt roads,Dry,Darkness - lights lit,Normal,Vehicle with vehicle collision,2,1,Going straight,Passenger,Male,Over 51,3,,,Not a Pedestrian,Changing lane to the right,Slight Injury
12.45.00,Saturday,Unknown,Male,High school,Owner,Above 10yr,Lorry (41?100Q),Owner,5-10yrs,No defect,Office areas,Undivided Two way,Tangent road with flat terrain,No junction,Earth roads,Wet or damp,Daylight,Raining,Vehicle with vehicle collision,2,1,Going straight,Passenger,Male,Over 51,3,Driver,Normal,Not a Pedestrian,Changing lane to the right,Slight Injury
12.45.00,Saturday,18-30,Male,Elementary school,Employee,1-2yr,Lorry (41?100Q),Owner,,No defect,Recreational areas,other,,No junction,Asphalt roads,Wet or damp,Daylight,Raining,Vehicle with vehicle collision,2,1,Going straight,,,,,,,Not a Pedestrian,No distancing,Slight Injury
11.05.00,Monday,Over 51,Male,Junior high school,Employee,Above 10yr,Lorry (41?100Q),Governmental,,No defect,Office areas,other,Tangent road with mild grade and flat terrain,No junction,Asphalt roads,Wet or damp,Daylight,Raining,Vehicle with vehicle collision,2,2,Going straight,Driver or rider,Female,18-30,3,Driver,Normal,Not a Pedestrian,No distancing,Slight Injury
11.05.00,Monday,Over 51,Male,,,,Automobile,Owner,5-10yrs,No defect,Industrial areas,other,Tangent road with flat terrain,No junction,Asphalt roads,Wet or damp,Daylight,Raining,Rollover,2,2,Going straight,Driver or rider,Male,31-50,3,Driver,Normal,Not a Pedestrian,Changing lane to the left,Slight Injury
11.05.00,Monday,Unknown,Male,Junior high school,Owner,5-10yr,Automobile,,,,,,,No junction,Asphalt roads,Wet or damp,Daylight,Raining,Vehicle with vehicle collision,2,2,Going straight,,,,,Driver,Normal,Not a Pedestrian,Changing lane to the right,Slight Injury
8.51.00,Friday,Under 18,Male,Above high school,Employee,5-10yr,Automobile,Owner,,No defect,Residential areas,Undivided Two way,Tangent road with flat terrain,Y Shape,Asphalt roads,Dry,Daylight,Normal,Collision with roadside objects,2,1,Going straight,Driver or rider,Male,5,3,,,Not a Pedestrian,No priority to vehicle,Slight Injury
8.51.00,Friday,31-50,Male,Junior high school,Employee,5-10yr,Public (13?45 seats),Governmental,Above 10yr,No defect,Residential areas,other,Tangent road with flat terrain,Y Shape,Asphalt roads,Dry,Daylight,Normal,Collision with pedestrians,2,1,Going straight,,,,,,,Not a Pedestrian,Changing lane to the left,Slight Injury
18.50.00,Wednesday,18-30,Male,Junior high school,Employee,Above 10yr,Automobile,Owner,1-2yr,No defect,Industrial areas,other,Tangent road with flat terrain,Y Shape,Asphalt roads,Dry,Darkness - lights lit,Unknown,Vehicle with vehicle collision,2,1,Turnover,,,,,Driver,Normal,Not a Pedestrian,No priority to vehicle,Slight Injury
18.50.00,Wednesday,Unknown,Male,Junior high school,Employee,1-2yr,Public (13?45 seats),Owner,2-5yrs,No defect,Residential areas,Undivided Two way,Tangent road with flat terrain,Y Shape,Asphalt roads,Dry,Darkness - lights lit,Unknown,Vehicle with vehicle collision,2,1,,Driver or rider,Male,18-30,3,Driver,Normal,Not a Pedestrian,Moving Backward,Slight Injury
8.35.00,Wednesday,18-30,Male,Junior high school,Employee,2-5yr,Public (13?45 seats),Owner,Unknown,No defect,Residential areas,other,Tangent road with flat terrain,No junction,Asphalt roads,Dry,Daylight,Other,Vehicle with vehicle collision,1,1,Reversing,Passenger,Female,18-30,3,Driver,Normal,Not a Pedestrian,Turnover,Slight Injury
15.35.00,Monday,31-50,Male,Junior high school,Employee,Below 1yr,Automobile,Owner,,No defect,Office areas,Undivided Two way,Tangent road with flat terrain,No junction,Asphalt roads,Dry,Daylight,Normal,Vehicle with vehicle collision,1,1,Other,Passenger,Female,18-30,3,Driver,Normal,Not a Pedestrian,No distancing,Serious Injury
17.15.00,Wednesday,18-30,Male,Junior high school,Employee,Above 10yr,Lorry (11?40Q),Owner,2-5yrs,No defect,Office areas,Double carriageway (median),Escarpments,No junction,Earth roads,Dry,Darkness - lights lit,Normal,Vehicle with vehicle collision,2,1,Going straight,Passenger,Female,31-50,3,Self-employed,Normal,Not a Pedestrian,No distancing,Slight Injury
17.15.00,Wednesday,31-50,Male,Junior high school,Employee,1-2yr,Automobile,Owner,Above 10yr,No defect,Office areas,other,Tangent road with flat terrain,No junction,Asphalt roads,Dry,Darkness - lights lit,Normal,Vehicle with vehicle collision,2,1,Going straight,,,,,Self-employed,Normal,Not a Pedestrian,No distancing,Slight Injury
13.00.00,Sunday,31-50,Male,Above high school,Employee,5-10yr,Lorry (41?100Q),Owner,1-2yr,No defect,Office areas,Undivided Two way,Escarpments,Other,Asphalt roads,Dry,Daylight,Normal,Vehicle with vehicle collision,2,1,Turnover,Driver or rider,Male,Over 51,3,Driver,Normal,Not a Pedestrian,Changing lane to the left,Slight Injury
13.00.00,Sunday,Unknown,Male,Junior high school,Employee,5-10yr,Other,Owner,,No defect,Office areas,One way,Tangent road with flat terrain,Other,Asphalt roads,Dry,Daylight,Normal,Collision with roadside objects,2,1,Other,,,,,,,Not a Pedestrian,No priority to vehicle,Slight Injury
11.29.00,Sunday,Over 51,Male,Elementary school,Owner,Below 1yr,Pick up upto 10Q,Owner,,No defect,Office areas,Undivided Two way,Tangent road with flat terrain,No junction,Asphalt roads,Dry,Daylight,Normal,Rollover,2,1,Going straight,Driver or rider,Male,18-30,3,,,Not a Pedestrian,Driving at high speed,Serious Injury
11.29.00,Sunday,31-50,Male,,,,Lorry (11?40Q),Owner,,No defect,Office areas,other,Tangent road with flat terrain,No junction,Asphalt roads,Dry,Daylight,Normal,Vehicle with vehicle collision,2,1,Going straight,Pedestrian,Male,18-30,3,,,Crossing from nearside - masked by parked or statioNot a Pedestrianry vehicle,Overtaking,Serious Injury
17.26.00,Tuesday,18-30,Male,Junior high school,Employee,Above 10yr,Motorcycle,Owner,Above 10yr,No defect,Residential areas,other,Tangent road with flat terrain,No junction,Asphalt roads,Dry,Darkness - lights lit,Normal,Collision with pedestrians,1,1,Other,,,,,Driver,Normal,Not a Pedestrian,Other,Slight Injury
13.23.00,Sunday,Under 18,Male,Junior high school,,,Pick up upto 10Q,Owner,5-10yrs,No defect,Residential areas,One way,Tangent road with flat terrain,No junction,Asphalt roads,Dry,Daylight,Other,Vehicle with vehicle collision,2,1,Going straight,Driver or rider,Male,18-30,3,,Normal,Not a Pedestrian,Changing lane to the left,Serious Injury
13.23.00,Sunday,Under 18,Male,Junior high school,Employee,1-2yr,Lorry (11?40Q),Owner,,No defect,Other,One way,Tangent road with flat terrain,No junction,Asphalt roads,Dry,Daylight,Other,Vehicle with vehicle collision,2,1,Turnover,Driver or rider,Male,31-50,3,Driver,Normal,Not a Pedestrian,No priority to pedestrian,Serious Injury
14.00.00,Wednesday,18-30,Male,Junior high school,Owner,2-5yr,Lorry (11?40Q),Owner,5-10yrs,No defect,Church areas,Undivided Two way,Tangent road with flat terrain,Crossing,Gravel roads,Dry,Daylight,Raining,Collision with pedestrians,3,2,Going straight,,,,,Driver,Normal,Not a Pedestrian,Changing lane to the left,Serious Injury
14.00.00,Wednesday,Over 51,Male,,Employee,unknown,Automobile,Owner,,No defect,Recreational areas,other,Tangent road with flat terrain,Crossing,Asphalt roads,Dry,Daylight,Raining,Collision with pedestrians,3,2,Turnover,Driver or rider,Male,31-50,3,,,Not a Pedestrian,No distancing,Serious Injury
14.00.00,Wednesday,Over 51,Male,Junior high school,Employee,Above 10yr,Automobile,Owner,,,Industrial areas,Undivided Two way,Tangent road with flat terrain,Crossing,Asphalt roads,Dry,Daylight,Raining,Vehicle with vehicle collision,3,2,Going straight,,,,,Self-employed,Normal,Not a Pedestrian,Moving Backward,Serious Injury
14.00.00,Wednesday,Over 51,Male,Junior high school,Owner,2-5yr,Other,,,,Residential areas,other,,Crossing,Asphalt roads,Dry,Daylight,Raining,Vehicle with vehicle collision,3,2,Moving Backward,Pedestrian,Male,31-50,2,Driver,Normal,Crossing from nearside - masked by parked or statioNot a Pedestrianry vehicle,Changing lane to the left,Serious Injury
3.00.00,Friday,18-30,Male,Junior high school,Employee,5-10yr,Other,Owner,Above 10yr,No defect,Residential areas,other,Tangent road with rolling terrain,Crossing,Asphalt roads,Dry,Darkness - no lighting,Normal,Vehicle with vehicle collision,2,1,,Pedestrian,Female,18-30,2,Driver,Normal,Not a Pedestrian,Other,Serious Injury
3.00.00,Friday,18-30,Male,Junior high school,Employee,2-5yr,Automobile,Owner,2-5yrs,No defect,Office areas,Double carriageway (median),Tangent road with flat terrain,Crossing,Asphalt roads,Dry,Darkness - no lighting,Normal,Vehicle with vehicle collision,2,1,Going straight,,,,,Driver,Normal,Not a Pedestrian,No distancing,Serious Injury
8.30.00,Monday,Unknown,Male,Junior high school,Employee,1-2yr,Taxi,Owner,2-5yrs,No defect,Market areas,Undivided Two way,Tangent road with flat terrain,O Shape,Asphalt roads,Wet or damp,Daylight,Unknown,Vehicle with vehicle collision,1,1,Going straight,Driver or rider,Male,18-30,3,Driver,Normal,Not a Pedestrian,Moving Backward,Slight Injury
13.05.00,Monday,18-30,Male,Junior high school,Employee,5-10yr,Other,,,,Unknown,other,Tangent road with flat terrain,No junction,Asphalt roads,Dry,Daylight,Normal,Collision with roadside objects,3,1,Reversing,Passenger,Female,31-50,3,Driver,Normal,Not a Pedestrian,No distancing,Serious Injury
13.05.00,Monday,31-50,Male,Junior high school,Employee,2-5yr,Taxi,Owner,,No defect,Industrial areas,other,Tangent road with flat terrain,No junction,Asphalt roads,Dry,Daylight,Normal,Vehicle with vehicle collision,3,1,Reversing,Passenger,Male,31-50,3,Driver,Normal,Not a Pedestrian,Changing lane to the left,Serious Injury
13.05.00,Monday,31-50,Male,Elementary school,Employee,5-10yr,Lorry (11?40Q),Owner,,No defect,Residential areas,Two-way (divided with solid lines road marking),Tangent road with flat terrain,No junction,Asphalt roads,Dry,Daylight,Normal,Vehicle with vehicle collision,3,1,Reversing,Driver or rider,Male,18-30,3,Driver,Normal,Not a Pedestrian,Changing lane to the left,Serious Injury
18.08.00,Saturday,18-30,Male,Above high school,Owner,5-10yr,Automobile,Governmental,Below 1yr,No defect,Residential areas,Undivided Two way,Tangent road with flat terrain,Y Shape,Asphalt roads,Dry,Darkness - no lighting,Normal,Vehicle with vehicle collision,2,4,Going straight,Passenger,Female,31-50,3,Driver,Normal,Not a Pedestrian,No priority to pedestrian,Fatal injury
18.08.00,Saturday,18-30,Male,Junior high school,Employee,2-5yr,Other,Owner,5-10yrs,No defect,Other,Undivided Two way,Tangent road with flat terrain,Y Shape,Asphalt roads,Dry,Darkness - no lighting,Normal,Vehicle with vehicle collision,2,4,Going straight,Pedestrian,Male,18-30,3,Driver,Normal,Not a Pedestrian,Changing lane to the left,Fatal injury
18.08.00,Saturday,18-30,Male,Junior high school,Employee,2-5yr,Automobile,Governmental,,No defect,Residential areas,other,Tangent road with flat terrain,Y Shape,Asphalt roads,Dry,Darkness - no lighting,Normal,Vehicle with vehicle collision,2,4,Going straight,,,,,Driver,Normal,Not a Pedestrian,Driving carelessly,Fatal injury
18.08.00,Saturday,18-30,Male,Junior high school,Employee,2-5yr,Automobile,Owner,1-2yr,No defect,Rural village areas,Undivided Two way,Gentle horizontal curve,Y Shape,Asphalt roads,Dry,Darkness - no lighting,Normal,Vehicle with vehicle collision,2,4,Going straight,Passenger,Female,18-30,3,,,Not a Pedestrian,Driving carelessly,Fatal injury
17.00.00,Friday,18-30,Male,Junior high school,Employee,5-10yr,Automobile,Owner,2-5yrs,No defect,Rural village areas,Undivided Two way,Gentle horizontal curve,No junction,Asphalt roads,Wet or damp,Darkness - lights lit,Normal,Vehicle with vehicle collision,2,2,Moving Backward,Pedestrian,Female,31-50,3,Self-employed,Normal,Unknown or other,No priority to pedestrian,Slight Injury
17.00.00,Friday,18-30,Male,Junior high school,Employee,1-2yr,Automobile,Owner,,No defect,Office areas,Double carriageway (median),Tangent road with flat terrain,No junction,Asphalt roads,Wet or damp,Darkness - lights lit,Normal,Vehicle with vehicle collision,2,2,Going straight,Driver or rider,Male,Under 18,3,Self-employed,Normal,Not a Pedestrian,Getting off the vehicle improperly,Slight Injury
13.15.00,Thursday,Unknown,Male,Junior high school,Owner,2-5yr,Lorry (41?100Q),Owner,2-5yrs,No defect,Residential areas,Undivided Two way,Gentle horizontal curve,No junction,Asphalt roads,Dry,Daylight,Unknown,Vehicle with vehicle collision,2,1,Moving Backward,,,,,Driver,Normal,Not a Pedestrian,No distancing,Slight Injury
13.15.00,Thursday,31-50,Male,High school,Owner,2-5yr,Other,Owner,,,Residential areas,other,Tangent road with flat terrain,No junction,Asphalt roads,Dry,Daylight,Unknown,Vehicle with vehicle collision,2,1,Moving Backward,Driver or rider,Male,31-50,3,Driver,Normal,Not a Pedestrian,Changing lane to the left,Slight Injury
6.07.00,Thursday,18-30,Male,,Employee,,Pick up upto 10Q,Owner,,7,Outside rural areas,other,Tangent road with flat terrain,No junction,Asphalt roads,Dry,Darkness - lights lit,Normal,Vehicle with vehicle collision,1,1,Going straight,,,,,Self-employed,Normal,Not a Pedestrian,No priority to vehicle,Serious Injury
17.35.00,Tuesday,18-30,Male,Junior high school,Owner,1-2yr,Pick up upto 10Q,Owner,Above 10yr,,Residential areas,other,Tangent road with flat terrain,Y Shape,Asphalt roads,Wet or damp,Daylight,Raining,Vehicle with vehicle collision,1,1,Other,,,,,Self-employed,Normal,Not a Pedestrian,No distancing,Slight Injury
17.38.00,Wednesday,Unknown,Male,Junior high school,,Below 1yr,Automobile,Owner,5-10yrs,5,Church areas,other,Tangent road with flat terrain,Crossing,Asphalt roads,Dry,Daylight,Normal,Vehicle with vehicle collision,2,1,Going straight,Driver or rider,Male,18-30,2,,,Not a Pedestrian,No priority to pedestrian,Slight Injury
17.38.00,Wednesday,18-30,Male,High school,Employee,1-2yr,Long lorry,Owner,,No defect,Office areas,Undivided Two way,Tangent road with flat terrain,Crossing,Earth roads,Dry,Daylight,Normal,Vehicle with vehicle collision,2,1,Other,,,,,Employee,Normal,Not a Pedestrian,No priority to pedestrian,Slight Injury
7.30.00,Wednesday,31-50,Male,Above high school,Employee,1-2yr,Automobile,Owner,Unknown,No defect,Office areas,Two-way (divided with broken lines road marking),Tangent road with mountainous terrain and,Y Shape,Asphalt roads,Dry,Daylight,Normal,Vehicle with vehicle collision,1,1,Going straight,Driver or rider,Male,31-50,3,,,Not a Pedestrian,No priority to vehicle,Slight Injury
18.00.00,Friday,Unknown,Female,Junior high school,Employee,Above 10yr,Public (13?45 seats),Governmental,,No defect,Office areas,Two-way (divided with broken lines road marking),Escarpments,Other,Asphalt roads,Dry,Daylight,Normal,Collision with roadside objects,2,4,Reversing,Pedestrian,Male,18-30,3,,,Not a Pedestrian,Driving carelessly,Slight Injury
18.00.00,Friday,31-50,Male,High school,Employee,1-2yr,Lorry (41?100Q),Owner,2-5yrs,,Other,Undivided Two way,Tangent road with mountainous terrain and,Other,Asphalt roads,Dry,Daylight,Normal,Vehicle with vehicle collision,2,4,,Passenger,Female,Over 51,3,,,Not a Pedestrian,Changing lane to the right,Slight Injury
18.00.00,Friday,31-50,Male,Junior high school,Employee,2-5yr,Public (13?45 seats),Owner,2-5yrs,,Other,Undivided Two way,Tangent road with flat terrain,Other,Asphalt roads,Dry,Daylight,Normal,Vehicle with vehicle collision,2,4,Going straight,Driver or rider,Male,18-30,3,Driver,Normal,Not a Pedestrian,Changing lane to the left,Slight Injury
18.00.00,Friday,31-50,Male,Above high school,Other,2-5yr,Other,Owner,Unknown,No defect,Residential areas,Two-way (divided with broken lines road marking),Tangent road with flat terrain,Other,Asphalt roads,Dry,Daylight,Normal,Vehicle with vehicle collision,2,4,Going straight,Driver or rider,Male,31-50,3,Driver,Normal,Not a Pedestrian,Moving Backward,Slight Injury
18.00.00,Friday,31-50,Male,High school,Employee,Above 10yr,Lorry (41?100Q),Owner,,,Other,Two-way (divided with broken lines road marking),Tangent road with flat terrain,Other,Asphalt roads,Dry,Daylight,Normal,Vehicle with vehicle collision,2,4,Going straight,,,,,Driver,Normal,Not a Pedestrian,Driving carelessly,Slight Injury
12.30.00,Saturday,Unknown,Male,Elementary school,Employee,5-10yr,Lorry (41?100Q),Owner,Below 1yr,,Other,Undivided Two way,Tangent road with mild grade and flat terrain,No junction,Asphalt roads,Dry,Daylight,Normal,Collision with pedestrians,2,1,Going straight,Pedestrian,Male,31-50,3,Driver,Normal,Not a Pedestrian,Driving to the left,Slight Injury
12.30.00,Saturday,31-50,Male,High school,Employee,1-2yr,Long lorry,Owner,5-10yrs,,Other,Two-way (divided with broken lines road marking),Tangent road with flat terrain,No junction,Gravel roads,Dry,Daylight,Normal,Vehicle with vehicle collision,2,1,Going straight,Driver or rider,Male,18-30,3,Driver,Normal,Not a Pedestrian,Driving to the left,Slight Injury
16.40.00,Saturday,Unknown,Male,High school,Employee,5-10yr,Pick up upto 10Q,Governmental,5-10yrs,No defect,Other,Undivided Two way,Tangent road with flat terrain,Y Shape,Asphalt roads,Wet or damp,Daylight,Normal,Vehicle with vehicle collision,2,2,Going straight,,,,,Self-employed,Normal,Not a Pedestrian,No priority to pedestrian,Slight Injury
16.40.00,Saturday,31-50,Male,High school,Employee,2-5yr,Pick up upto 10Q,Owner,2-5yrs,No defect,Other,Double carriageway (median),Tangent road with mild grade and flat terrain,Y Shape,Asphalt roads,Wet or damp,Daylight,Normal,Vehicle with vehicle collision,2,2,Other,Driver or rider,Male,Under 18,3,Self-employed,Normal,Not a Pedestrian,Changing lane to the left,Slight Injury
16.40.00,Saturday,31-50,Male,Junior high school,Employee,1-2yr,Lorry (41?100Q),Owner,,No defect,Other,Two-way (divided with broken lines road marking),Tangent road with flat terrain,Y Shape,Asphalt roads,Wet or damp,Daylight,Normal,Vehicle with vehicle collision,2,2,Going straight,,,,,Self-employed,Normal,Not a Pedestrian,Changing lane to the right,Slight Injury
19.31.00,Thursday,31-50,Male,Above high school,Employee,Above 10yr,Lorry (41?100Q),Owner,2-5yrs,,Church areas,Two-way (divided with broken lines road marking),Tangent road with flat terrain,Crossing,Other,Dry,Darkness - lights lit,Normal,Vehicle with vehicle collision,2,1,Going straight,Driver or rider,Female,18-30,3,Self-employed,Normal,Not a Pedestrian,Driving carelessly,Slight Injury
19.31.00,Thursday,18-30,Male,Above high school,Employee,2-5yr,Automobile,Owner,5-10yrs,,Other,Undivided Two way,Tangent road with flat terrain,Crossing,Asphalt roads,Dry,Darkness - lights lit,Normal,Vehicle with vehicle collision,2,1,Going straight,,,,,,,Not a Pedestrian,No distancing,Slight Injury
1.19.00,Monday,18-30,Male,Elementary school,Employee,5-10yr,Other,Organization,2-5yrs,,Industrial areas,Two-way (divided with broken lines road marking),Tangent road with flat terrain,Y Shape,Asphalt roads,Dry,Darkness - lights lit,Normal,Vehicle with vehicle collision,2,1,Going straight,Driver or rider,Male,18-30,3,Self-employed,Normal,Not a Pedestrian,Getting off the vehicle improperly,Slight Injury
1.19.00,Monday,Unknown,Male,Elementary school,Employee,1-2yr,,Owner,,No defect,Residential areas,Double carriageway (median),Tangent road with flat terrain,Y Shape,Asphalt roads,Dry,Darkness - lights lit,Normal,Vehicle with vehicle collision,2,1,Reversing,,,,,Self-employed,Normal,Not a Pedestrian,Driving under the influence of drugs,Slight Injury
17.30.00,Thursday,Under 18,Male,Junior high school,Employee,,Other,Governmental,Above 10yr,No defect,Other,Two-way (divided with broken lines road marking),Tangent road with flat terrain,Y Shape,Asphalt roads,Dry,Darkness - lights lit,Normal,Collision with pedestrians,2,1,Going straight,Driver or rider,Female,18-30,3,Self-employed,Normal,Not a Pedestrian,Changing lane to the right,Slight Injury
17.30.00,Thursday,Unknown,Male,,,,Automobile,Owner,,No defect,Office areas,Two-way (divided with broken lines road marking),Tangent road with flat terrain,Y Shape,Asphalt roads,Dry,Darkness - lights lit,Normal,Vehicle with vehicle collision,2,1,Going straight,Pedestrian,Female,18-30,3,Driver,Normal,Not a Pedestrian,Driving carelessly,Slight Injury
7.15.00,Wednesday,Unknown,Female,Elementary school,Employee,5-10yr,Pick up upto 10Q,Owner,,No defect,Industrial areas,Unknown,Tangent road with flat terrain,Y Shape,Asphalt roads,Dry,Darkness - lights lit,Normal,Vehicle with vehicle collision,2,1,Other,,,,,,,Not a Pedestrian,Moving Backward,Slight Injury
7.15.00,Wednesday,Under 18,Male,Junior high school,Employee,2-5yr,Automobile,Owner,1-2yr,No defect,Industrial areas,Double carriageway (median),Tangent road with flat terrain,Y Shape,Asphalt roads,Dry,Darkness - lights lit,Normal,Vehicle with vehicle collision,2,1,Going straight,Driver or rider,Male,31-50,3,Driver,Normal,Not a Pedestrian,Turnover,Slight Injury
8.25.00,Monday,31-50,Male,Junior high school,Employee,5-10yr,Public (12 seats),Owner,,No defect,Other,Two-way (divided with broken lines road marking),Tangent road with flat terrain,Y Shape,Asphalt roads,Wet or damp,Daylight,Raining,Vehicle with vehicle collision,2,1,Going straight,Driver or rider,Male,18-30,3,Driver,Normal,Not a Pedestrian,Changing lane to the right,Slight Injury
8.25.00,Monday,31-50,Male,High school,Employee,2-5yr,Automobile,Organization,Above 10yr,,Hospital areas,Two-way (divided with broken lines road marking),Tangent road with flat terrain,Y Shape,Asphalt roads,Wet or damp,Daylight,Raining,Collision with roadside objects,2,1,Going straight,,,,,Self-employed,Normal,Not a Pedestrian,Driving carelessly,Slight Injury
14.55.00,Saturday,31-50,Male,Junior high school,Employee,1-2yr,Other,Owner,Unknown,,Office areas,One way,Tangent road with flat terrain,Y Shape,Asphalt roads,Dry,Daylight,Normal,Vehicle with vehicle collision,1,1,Turnover,Driver or rider,Male,18-30,3,Driver,Normal,Not a Pedestrian,No priority to vehicle,Serious Injury
11.25.00,Tuesday,18-30,Male,Junior high school,Employee,1-2yr,Public (12 seats),Owner,2-5yrs,No defect,Church areas,Undivided Two way,Tangent road with flat terrain,No junction,Asphalt roads,Dry,Daylight,Normal,Vehicle with vehicle collision,2,2,Going straight,,,,,Driver,Normal,Not a Pedestrian,Moving Backward,Slight Injury
11.25.00,Tuesday,18-30,Male,Junior high school,Employee,5-10yr,Stationwagen,Organization,5-10yrs,No defect,Hospital areas,Undivided Two way,Tangent road with mountainous terrain and,No junction,Asphalt roads,Dry,Daylight,Normal,Vehicle with vehicle collision,2,2,Going straight,,,,,,,Not a Pedestrian,Changing lane to the left,Slight Injury
13.02.00,Monday,Under 18,Male,Illiterate,Employee,unknown,Lorry (41?100Q),Owner,Above 10yr,No defect,Office areas,other,Tangent road with flat terrain,Y Shape,Asphalt roads,Wet or damp,Daylight,Raining,Vehicle with vehicle collision,2,2,Reversing,Driver or rider,Male,31-50,3,Driver,Normal,Not a Pedestrian,Overturning,Slight Injury
13.02.00,Monday,Under 18,Male,Junior high school,Employee,5-10yr,Lorry (41?100Q),Owner,2-5yrs,No defect,Other,Two-way (divided with broken lines road marking),Escarpments,Y Shape,Asphalt roads,Wet or damp,Daylight,Raining,Vehicle with vehicle collision,2,2,Other,,,,,Driver,Normal,Not a Pedestrian,No distancing,Slight Injury
13.02.00,Monday,31-50,Male,Junior high school,Employee,1-2yr,Lorry (41?100Q),Owner,1-2yr,,Office areas,Undivided Two way,Tangent road with flat terrain,Y Shape,Gravel roads,Wet or damp,Daylight,Raining,Vehicle with vehicle collision,2,2,Going straight,Driver or rider,Male,18-30,3,Driver,Normal,Not a Pedestrian,Driving carelessly,Slight Injury
12.42.00,Saturday,Unknown,Female,Junior high school,Employee,2-5yr,Automobile,Owner,2-5yrs,,Office areas,Two-way (divided with broken lines road marking),Tangent road with mountainous terrain and,No junction,Asphalt roads,Wet or damp,Daylight,Normal,Vehicle with vehicle collision,1,1,Going straight,,,,,Driver,Normal,Not a Pedestrian,No distancing,Slight Injury
9.20.00,Tuesday,Unknown,Male,Junior high school,Employee,Above 10yr,Lorry (41?100Q),Owner,,No defect,Other,Double carriageway (median),Steep grade downward with mountainous terrain,Y Shape,Asphalt roads,Dry,Daylight,Normal,Collision with roadside objects,2,1,Moving Backward,Driver or rider,Male,31-50,3,Driver,Normal,Not a Pedestrian,Changing lane to the left,Slight Injury
9.20.00,Tuesday,Over 51,Male,Junior high school,Owner,5-10yr,,Owner,1-2yr,No defect,Office areas,Undivided Two way,Tangent road with mild grade and flat terrain,Y Shape,Asphalt roads,Dry,Daylight,Normal,Vehicle with vehicle collision,2,1,Reversing,,,,,Self-employed,Normal,Not a Pedestrian,No priority to pedestrian,Slight Injury
12.00.00,Saturday,Unknown,Male,High school,Employee,1-2yr,Public (12 seats),Owner,,No defect,Residential areas,Undivided Two way,Tangent road with flat terrain,Other,Other,Dry,Daylight,Normal,Vehicle with vehicle collision,2,1,Going straight,Pedestrian,Male,Over 51,3,,,Not a Pedestrian,No distancing,Slight Injury
12.00.00,Saturday,Over 51,Male,Junior high school,Employee,Above 10yr,Automobile,Owner,Unknown,,Other,Two-way (divided with broken lines road marking),Tangent road with flat terrain,Other,Asphalt roads,Dry,Daylight,Normal,Vehicle with vehicle collision,2,1,Going straight,Driver or rider,Male,31-50,3,Self-employed,Normal,Not a Pedestrian,No distancing,Slight Injury
21.06.00,Wednesday,31-50,Male,Junior high school,Employee,1-2yr,Stationwagen,Owner,2-5yrs,,Office areas,Double carriageway (median),Tangent road with flat terrain,Other,Other,Dry,Darkness - lights lit,Normal,Vehicle with vehicle collision,1,1,Moving Backward,,,,,Driver,Normal,Not a Pedestrian,Changing lane to the left,Slight Injury
13.48.00,Saturday,Over 51,Male,Junior high school,Employee,2-5yr,Automobile,Owner,5-10yrs,,Office areas,Undivided Two way,Tangent road with mountainous terrain and,No junction,Asphalt roads,Wet or damp,Daylight,Normal,Rollover,3,4,Going straight,Driver or rider,Male,Under 18,3,,,Not a Pedestrian,No distancing,Slight Injury
13.48.00,Saturday,Over 51,Male,Junior high school,Employee,Above 10yr,Lorry (41?100Q),,,,Office areas,other,Tangent road with flat terrain,No junction,Asphalt roads,Wet or damp,Daylight,Normal,Vehicle with vehicle collision,3,4,Going straight,,,,,,,Not a Pedestrian,Changing lane to the left,Slight Injury
13.48.00,Saturday,Over 51,Male,Junior high school,Employee,2-5yr,Other,Owner,5-10yrs,No defect,Other,Two-way (divided with broken lines road marking),Tangent road with mild grade and flat terrain,No junction,Asphalt roads,Wet or damp,Daylight,Normal,Vehicle with vehicle collision,3,4,Going straight,,,,,Driver,Normal,Not a Pedestrian,No distancing,Slight Injury
13.48.00,Saturday,31-50,Male,Elementary school,Employee,5-10yr,Pick up upto 10Q,Owner,,No defect,Church areas,Undivided Two way,Tangent road with flat terrain,No junction,Asphalt roads,Wet or damp,Daylight,Normal,Collision with roadside objects,3,4,Going straight,Driver or rider,Male,31-50,3,Driver,Normal,Not a Pedestrian,No distancing,Slight Injury
12.35.00,Monday,18-30,Male,,,,,Owner,Unknown,No defect,Industrial areas,Undivided Two way,Tangent road with flat terrain,Other,Asphalt roads,Dry,Daylight,Normal,Vehicle with vehicle collision,2,1,Going straight,Driver or rider,Male,5,3,Driver,Normal,Not a Pedestrian,No distancing,Slight Injury
12.35.00,Monday,31-50,Male,Elementary school,Employee,1-2yr,Lorry (41?100Q),Owner,1-2yr,No defect,Office areas,Double carriageway (median),Tangent road with flat terrain,Other,Asphalt roads,Dry,Daylight,Normal,Vehicle with vehicle collision,2,1,Going straight,,,,,Self-employed,Normal,Not a Pedestrian,Changing lane to the left,Slight Injury