Time,Day_of_week,Age_band_of_driver,Sex_of_driver,Educational_level,Vehicle_driver_relation,Driving_experience,Type_of_vehicle,Owner_of_vehicle,Service_year_of_vehicle,Defect_of_vehicle,Area_accident_occured,Lanes_or_Medians,Road_allignment,Types_of_Junction,Road_surface_type,Road_surface_conditions,Light_conditions,Weather_conditions,Type_of_collision,Number_of_vehicles_involved,Number_of_casualties,Vehicle_movement,Casualty_class,Sex_of_casualty,Age_band_of_casualty,Casualty_severity,Work_of_casuality,Fitness_of_casuality,Pedestrian_movement,Cause_of_accident,Accident_severity
18.05.00,Tuesday,31-50,Male,High school,Employee,5-10yr,Turbo,Owner,Unknown,,Other,other,Tangent road with flat terrain,Y Shape,Asphalt roads,Wet or damp,Darkness - lights lit,Raining,Vehicle with vehicle collision,2,1,Moving Backward,,,,,Other,Normal,Not a Pedestrian,Driving at high speed,Slight Injury
18.05.00,Tuesday,18-30,Male,Junior high school,Employee,5-10yr,Long lorry,Owner,5-10yrs,No defect,Church areas,other,Tangent road with flat terrain,Y Shape,Asphalt roads,Wet or damp,Darkness - lights lit,Raining,Vehicle with vehicle collision,2,1,Going straight,Pedestrian,Female,Under 18,3,Self-employed,Normal,Not a Pedestrian,Overtaking,Slight Injury
13.32.00,Wednesday,Over 51,Male,Junior high school,Employee,Above 10yr,Long lorry,Owner,5-10yrs,No defect,Church areas,Undivided Two way,Tangent road with flat terrain,O Shape,Asphalt roads,Dry,Daylight,Normal,Collision with roadside objects,2,2,Going straight,Driver or rider,Male,18-30,2,Driver,Normal,Not a Pedestrian,Other,Slight Injury
13.32.00,Wednesday,Over 51,Male,Junior high school,,1-2yr,Public (13?45 seats),Owner,,No defect,Other,Two-way (divided with broken lines road marking),Tangent road with flat terrain,O Shape,Asphalt roads,Dry,Daylight,Normal,Vehicle with vehicle collision,2,2,Going straight,,,,,Driver,Normal,Not a Pedestrian,Changing lane to the left,Slight Injury
13.32.00,Wednesday,31-50,Male,Junior high school,Employee,2-5yr,Automobile,Owner,,No defect,Other,One way,Tangent road with flat terrain,O Shape,Asphalt roads,Dry,Daylight,Normal,Collision with roadside objects,2,2,Going straight,Pedestrian,Female,18-30,3,Driver,Normal,"In carriageway, statioNot a Pedestrianry - not crossing  (standing or playing)",No priority to pedestrian,Slight Injury
15.20.00,Tuesday,18-30,Male,Junior high school,Employee,1-2yr,Automobile,Governmental,2-5yrs,,Recreational areas,Two-way (divided with broken lines road marking),Tangent road with flat terrain,No junction,,Dry,Daylight,Normal,Vehicle with vehicle collision,1,1,Moving Backward,Driver or rider,Female,31-50,3,,,Not a Pedestrian,Changing lane to the left,Slight Injury
9.51.00,Thursday,Over 51,Male,,,,Pick up upto 10Q,Owner,2-5yrs,,Other,Undivided Two way,Tangent road with flat terrain,Y Shape,Asphalt roads,Dry,Daylight,Normal,Vehicle with vehicle collision,1,1,Going straight,,,,,,,Not a Pedestrian,No distancing,Slight Injury
11.50.00,Monday,Unknown,Female,Elementary school,Employee,5-10yr,,Owner,5-10yrs,,Office areas,Undivided Two way,Tangent road with flat terrain,Y Shape,Asphalt roads,Dry,Daylight,Normal,Vehicle with vehicle collision,3,1,Other,,,,,Driver,Normal,Not a Pedestrian,Moving Backward,Slight Injury
11.50.00,Monday,18-30,Male,Junior high school,Employee,5-10yr,Stationwagen,Owner,5-10yrs,No defect,Church areas,Two-way (divided with broken lines road marking),Tangent road with flat terrain,Y Shape,Asphalt roads,Dry,Daylight,Normal,Vehicle with vehicle collision,3,1,Other,Driver or rider,Male,18-30,3,Other,Normal,Not a Pedestrian,Changing lane to the left,Slight Injury
11.50.00,Monday,18-30,Male,Junior high school,Employee,Above 10yr,,Owner,2-5yrs,,Office areas,Two-way (divided with broken lines road marking),Tangent road with flat terrain,Y Shape,Asphalt roads,Dry,Daylight,Normal,Vehicle with vehicle collision,3,1,Going straight,,,,,Driver,Normal,Not a Pedestrian,Other,Slight Injury
10.35.00,Wednesday,Under 18,Male,Junior high school,Employee,2-5yr,Automobile,,,No defect,Office areas,Undivided Two way,Tangent road with mountainous terrain and,No junction,Asphalt roads,Wet or damp,Daylight,Normal,Vehicle with vehicle collision,2,2,Going straight,Driver or rider,Male,18-30,3,,,Not a Pedestrian,No distancing,Serious Injury
10.35.00,Wednesday,Under 18,Male,Junior high school,Owner,Above 10yr,Automobile,Owner,2-5yrs,No defect,Other,Undivided Two way,Tangent road with flat terrain,No junction,Asphalt roads,Wet or damp,Daylight,Normal,Vehicle with vehicle collision,2,2,Going straight,Driver or rider,Male,18-30,3,Driver,Normal,Not a Pedestrian,Moving Backward,Serious Injury
10.35.00,Wednesday,31-50,Male,Junior high school,Employee,2-5yr,Long lorry,Governmental,,,Residential areas,Two-way (divided with broken lines road marking),Tangent road with flat terrain,No junction,Asphalt roads,Wet or damp,Daylight,Normal,Vehicle with vehicle collision,2,2,Going straight,,,,,Driver,Normal,Not a Pedestrian,No distancing,Serious Injury
18.30.00,Thursday,18-30,Male,Elementary school,Other,5-10yr,Public (13?45 seats),Owner,2-5yrs,No defect,Office areas,Two-way (divided with broken lines road marking),Tangent road with mild grade and flat terrain,Y Shape,Asphalt roads,Dry,Darkness - lights lit,Normal,Vehicle with vehicle collision,2,1,Other,,,,,Employee,Normal,Not a Pedestrian,Changing lane to the left,Slight Injury
18.30.00,Thursday,31-50,Male,Elementary school,Employee,5-10yr,Public (13?45 seats),Owner,2-5yrs,,Residential areas,other,Tangent road with flat terrain,Y Shape,Asphalt roads,Dry,Darkness - lights lit,Normal,Vehicle with vehicle collision,2,1,Going straight,Driver or rider,Female,31-50,3,,,Not a Pedestrian,Changing lane to the left,Slight Injury
18.30.00,Friday,31-50,Male,Junior high school,,5-10yr,Lorry (11?40Q),Owner,Unknown,No defect,Residential areas,Two-way (divided with broken lines road marking),Tangent road with flat terrain,Y Shape,Asphalt roads,Dry,Darkness - lights lit,Normal,Vehicle with vehicle collision,2,1,Getting off,,,,,Student,Normal,Not a Pedestrian,No priority to pedestrian,Slight Injury
18.30.00,Friday,18-30,Male,Junior high school,Employee,5-10yr,Lorry (11?40Q),Owner,,No defect,Other,Double carriageway (median),Tangent road with flat terrain,Y Shape,Asphalt roads,Dry,Darkness - lights lit,Normal,Rollover,2,1,Going straight,Driver or rider,Male,31-50,3,Driver,Normal,Not a Pedestrian,Changing lane to the left,Slight Injury
11.55.00,Friday,31-50,Male,Elementary school,Employee,Above 10yr,Pick up upto 10Q,Owner,,No defect,Hospital areas,One way,Tangent road with flat terrain,Y Shape,Asphalt roads,Dry,Daylight,Normal,Collision with roadside objects,1,2,Going straight,Driver or rider,Male,31-50,3,Self-employed,Normal,Not a Pedestrian,Driving carelessly,Slight Injury
11.55.00,Friday,31-50,Male,Junior high school,,Below 1yr,Automobile,Governmental,,No defect,Other,Undivided Two way,Tangent road with flat terrain,Y Shape,Asphalt roads,Dry,Daylight,Normal,Vehicle with vehicle collision,1,2,Going straight,Pedestrian,Male,18-30,2,Self-employed,Normal,Crossing from offside - masked by  parked or statioNot a Pedestrianry vehicle,Driving carelessly,Slight Injury
7.30.00,Wednesday,Over 51,Male,Junior high school,Employee,5-10yr,Automobile,Owner,,No defect,Other,Undivided Two way,Tangent road with flat terrain,No junction,Asphalt roads,Wet or damp,Darkness - lights lit,Other,Vehicle with vehicle collision,2,1,Going straight,Passenger,Female,Under 18,3,Driver,Normal,Not a Pedestrian,No priority to pedestrian,Slight Injury
7.30.00,Wednesday,31-50,Male,Elementary school,Employee,1-2yr,Automobile,Owner,,No defect,Recreational areas,One way,Tangent road with mild grade and flat terrain,No junction,Asphalt roads,Wet or damp,Darkness - lights lit,Other,Collision with roadside objects,2,1,Going straight,,,,,,,Not a Pedestrian,Getting off the vehicle improperly,Slight Injury
0.09.00,Monday,18-30,Male,,,,Long lorry,Owner,,No defect,Other,Undivided Two way,Tangent road with flat terrain,Y Shape,Asphalt roads,Wet or damp,Darkness - lights lit,Normal,Vehicle with vehicle collision,2,1,Going straight,Driver or rider,Male,18-30,3,Driver,Normal,Not a Pedestrian,No distancing,Slight Injury
0.09.00,Monday,31-50,Male,Junior high school,Employee,Above 10yr,Long lorry,Owner,,No defect,Other,Undivided Two way,Tangent road with flat terrain,Y Shape,Asphalt roads,Wet or damp,Darkness - lights lit,Normal,Vehicle with vehicle collision,2,1,Moving Backward,,,,,Driver,Normal,Not a Pedestrian,Changing lane to the left,Slight Injury
19.47.00,Saturday,18-30,Female,High school,Owner,2-5yr,Automobile,Owner,,No defect,Other,Undivided Two way,Tangent road with flat terrain,O Shape,Asphalt roads,Wet or damp,Darkness - lights lit,Normal,Vehicle with vehicle collision,2,1,Going straight,Driver or rider,Male,18-30,3,Self-employed,Normal,Not a Pedestrian,No priority to vehicle,Serious Injury
19.47.00,Saturday,31-50,Male,Junior high school,Employee,1-2yr,Stationwagen,Owner,Below 1yr,No defect,Office areas,Two-way (divided with broken lines road marking),Tangent road with flat terrain,O Shape,Asphalt roads,Wet or damp,Darkness - lights lit,Normal,Rollover,2,1,Other,Driver or rider,Male,Under 18,3,Driver,Normal,Not a Pedestrian,No distancing,Serious Injury
19.00.00,Wednesday,31-50,Male,Junior high school,Employee,1-2yr,,Owner,2-5yrs,No defect,Other,Two-way (divided with broken lines road marking),Tangent road with mild grade and flat terrain,Y Shape,Asphalt roads,Dry,Darkness - lights lit,Normal,Rollover,2,1,Going straight,,,,,,Normal,Not a Pedestrian,No priority to pedestrian,Slight Injury
19.00.00,Wednesday,Under 18,Male,Above high school,Owner,2-5yr,Other,Owner,,No defect,Residential areas,Two-way (divided with broken lines road marking),Tangent road with flat terrain,Y Shape,Asphalt roads,Dry,Darkness - lights lit,Normal,Collision with pedestrians,2,1,Going straight,,,,,Driver,Normal,Not a Pedestrian,No priority to pedestrian,Slight Injury
12.00.00,Thursday,Unknown,Female,,,,Special vehicle,Owner,5-10yrs,No defect,Other,Undivided Two way,Tangent road with flat terrain,No junction,Asphalt roads,Wet or damp,Daylight,Normal,Vehicle with vehicle collision,2,1,Going straight,Driver or rider,Male,18-30,3,,,Not a Pedestrian,No priority to vehicle,Slight Injury
12.00.00,Thursday,18-30,Male,Elementary school,Owner,2-5yr,Lorry (41?100Q),Owner,Unknown,No defect,Other,Undivided Two way,Tangent road with flat terrain,No junction,Asphalt roads,Wet or damp,Daylight,Normal,Vehicle with vehicle collision,2,1,Going straight,Driver or rider,Male,18-30,3,Driver,Normal,Not a Pedestrian,Driving carelessly,Slight Injury
22.42.00,Friday,18-30,Male,Junior high school,Employee,1-2yr,Pick up upto 10Q,Owner,,,Church areas,Undivided Two way,Tangent road with flat terrain,No junction,Asphalt roads,Dry,Darkness - lights lit,Normal,Vehicle with vehicle collision,1,1,,,,,,,,Not a Pedestrian,Changing lane to the right,Slight Injury
7.55.00,Monday,18-30,Male,,Owner,5-10yr,Lorry (11?40Q),Owner,1-2yr,5,Office areas,Undivided Two way,Tangent road with flat terrain,No junction,Asphalt roads,Wet or damp,Daylight,Normal,Collision with pedestrians,1,1,Moving Backward,Driver or rider,Male,31-50,2,Self-employed,NormalNormal,Not a Pedestrian,Changing lane to the left,Serious Injury
7.25.00,Friday,31-50,Male,Junior high school,Employee,Below 1yr,Lorry (41?100Q),Owner,Above 10yr,No defect,School areas,other,Tangent road with flat terrain,Y Shape,Asphalt roads,Dry,Daylight,Normal,Collision with pedestrians,2,1,,,,,,Driver,Normal,Not a Pedestrian,Moving Backward,Serious Injury
7.25.00,Friday,31-50,Male,Junior high school,Employee,2-5yr,Motorcycle,Owner,2-5yrs,No defect,Other,Undivided Two way,Tangent road with flat terrain,Y Shape,Asphalt roads,Dry,Daylight,Normal,Vehicle with vehicle collision,2,1,Going straight,Pedestrian,Female,18-30,3,Driver,Normal,Crossing from nearside - masked by parked or statioNot a Pedestrianry vehicle,Driving carelessly,Serious Injury
23.25.00,Saturday,Unknown,Female,Junior high school,Employee,5-10yr,Automobile,Owner,1-2yr,No defect,Office areas,Undivided Two way,Tangent road with flat terrain,Y Shape,Asphalt roads,Dry,Darkness - lights lit,Normal,Vehicle with vehicle collision,2,1,Going straight,Driver or rider,Male,18-30,3,Other,Normal,Not a Pedestrian,Driving to the left,Serious Injury
23.25.00,Saturday,18-30,Male,Junior high school,Employee,Above 10yr,Automobile,Owner,1-2yr,No defect,Residential areas,other,Steep grade downward with mountainous terrain,Y Shape,Gravel roads,Dry,Darkness - lights lit,Normal,Vehicle with vehicle collision,2,1,,Driver or rider,Male,31-50,3,,,Not a Pedestrian,Driving to the left,Serious Injury
15.10.00,Wednesday,Over 51,Male,Elementary school,Employee,2-5yr,Automobile,Owner,1-2yr,No defect,Industrial areas,One way,Tangent road with flat terrain,Y Shape,Asphalt roads,Dry,Daylight,Normal,Collision with roadside objects,2,1,Going straight,Passenger,Male,Over 51,3,,,Not a Pedestrian,No priority to pedestrian,Serious Injury
15.10.00,Wednesday,31-50,Male,Elementary school,Owner,Above 10yr,Stationwagen,Owner,2-5yrs,No defect,Other,Undivided Two way,Tangent road with flat terrain,Y Shape,Asphalt roads,Dry,Daylight,Normal,Vehicle with vehicle collision,2,1,Going straight,Driver or rider,Female,18-30,3,Other,Normal,Not a Pedestrian,Changing lane to the left,Serious Injury
17.00.00,Wednesday,Unknown,Female,Junior high school,Employee,1-2yr,,Owner,1-2yr,No defect,Residential areas,Undivided Two way,Tangent road with flat terrain,Y Shape,Asphalt roads,Wet or damp,Darkness - lights lit,Other,Collision with roadside objects,2,1,Going straight,,,,,Driver,Normal,Not a Pedestrian,Changing lane to the right,Serious Injury
17.00.00,Wednesday,31-50,Male,Junior high school,Employee,5-10yr,Public (> 45 seats),Owner,1-2yr,No defect,Recreational areas,Two-way (divided with broken lines road marking),Tangent road with flat terrain,Y Shape,Asphalt roads,Wet or damp,Darkness - lights lit,Other,Vehicle with vehicle collision,2,1,Going straight,Pedestrian,Female,18-30,3,Driver,Normal,Not a Pedestrian,Driving carelessly,Serious Injury
16.10.00,Tuesday,18-30,Male,Junior high school,Employee,2-5yr,Public (> 45 seats),Owner,Unknown,7,Office areas,other,Tangent road with flat terrain,Crossing,Asphalt roads,Dry,Daylight,Normal,Vehicle with vehicle collision,1,1,Going straight,Driver or rider,Female,18-30,3,,,Not a Pedestrian,No distancing,Slight Injury
13.29.00,Saturday,31-50,Male,Junior high school,Employee,2-5yr,Stationwagen,Owner,,No defect,Outside rural areas,Two-way (divided with broken lines road marking),Tangent road with flat terrain,Other,Asphalt roads,Dry,Daylight,Normal,Collision with roadside objects,2,1,Going straight,,,,,Driver,Normal,Not a Pedestrian,Getting off the vehicle improperly,Serious Injury
13.29.00,Saturday,18-30,Male,Junior high school,Employee,2-5yr,Automobile,Owner,1-2yr,No defect,Outside rural areas,Two-way (divided with broken lines road marking),Tangent road with flat terrain,Other,Asphalt roads,Dry,Daylight,Normal,Vehicle with vehicle collision,2,1,Going straight,,,,,,,Not a Pedestrian,Driving under the influence of drugs,Serious Injury
12.40.00,Friday,Over 51,Male,Junior high school,Employee,2-5yr,Bicycle,Owner,1-2yr,No defect,Outside rural areas,Undivided Two way,Tangent road with flat terrain,Other,Asphalt roads,Dry,Daylight,Normal,Vehicle with vehicle collision,2,1,Other,Driver or rider,Female,18-30,3,Driver,Normal,Not a Pedestrian,Changing lane to the right,Serious Injury
12.40.00,Friday,18-30,Male,Junior high school,Employee,Above 10yr,Automobile,Governmental,Below 1yr,No defect,Outside rural areas,Undivided Two way,Tangent road with flat terrain,Other,Asphalt roads,Dry,Daylight,Normal,Collision with roadside objects,2,1,Going straight,Pedestrian,Male,Under 18,2,Driver,Normal,Crossing from nearside - masked by parked or statioNot a Pedestrianry vehicle,Driving carelessly,Serious Injury
15.30.00,Friday,Over 51,Male,Junior high school,Employee,Above 10yr,Lorry (41?100Q),Owner,,No defect,Outside rural areas,other,Steep grade downward with mountainous terrain,No junction,Asphalt roads with some distress,Dry,Daylight,Normal,Collision with roadside objects,4,5,Going straight,Passenger,Female,18-30,3,,,Not a Pedestrian,Moving Backward,Slight Injury
15.30.00,Friday,31-50,Male,Elementary school,Employee,5-10yr,Automobile,Owner,,No defect,School areas,other,Steep grade downward with mountainous terrain,No junction,Asphalt roads,Dry,Daylight,Normal,Vehicle with vehicle collision,4,5,Going straight,Driver or rider,Male,18-30,3,,,Not a Pedestrian,Turnover,Slight Injury
15.30.00,Friday,31-50,Male,,Employee,,Public (13?45 seats),Owner,Above 10yr,No defect,Outside rural areas,Two-way (divided with broken lines road marking),Tangent road with flat terrain,No junction,Asphalt roads,Dry,Daylight,Normal,Vehicle with vehicle collision,4,5,Going straight,,,,,,,Not a Pedestrian,Changing lane to the right,Slight Injury
15.30.00,Friday,31-50,Male,,Employee,2-5yr,Special vehicle,Owner,,No defect,Outside rural areas,Undivided Two way,Tangent road with flat terrain,No junction,Asphalt roads,Dry,Daylight,Normal,Vehicle with vehicle collision,4,5,Going straight,Driver or rider,Male,18-30,3,,,Not a Pedestrian,Driving carelessly,Slight Injury
15.30.00,Friday,31-50,Male,Elementary school,Employee,5-10yr,Automobile,Owner,,No defect,Outside rural areas,Two-way (divided with broken lines road marking),Escarpments,No junction,Asphalt roads,Dry,Daylight,Normal,Vehicle with vehicle collision,4,5,Going straight,,,,,Other,Normal,Not a Pedestrian,No priority to vehicle,Slight Injury
3.32.00,Saturday,Under 18,Male,Junior high school,Employee,5-10yr,Public (13?45 seats),Owner,2-5yrs,No defect,Outside rural areas,Two-way (divided with broken lines road marking),Tangent road with mountainous terrain and,No junction,Asphalt roads,Dry,Darkness - lights lit,Normal,Vehicle with vehicle collision,2,3,Moving Backward,,,,,Self-employed,Normal,Not a Pedestrian,Moving Backward,Fatal injury
4.00.00,Friday,18-30,Male,Junior high school,Employee,Above 10yr,,Owner,2-5yrs,No defect,Office areas,Undivided Two way,Tangent road with mountainous terrain and,,Asphalt roads,Dry,Darkness - lights lit,Normal,Vehicle with vehicle collision,2,2,Going straight,Passenger,Male,Over 51,3,,,Not a Pedestrian,Changing lane to the left,Slight Injury
4.00.00,Friday,18-30,Male,Junior high school,Employee,5-10yr,Lorry (41?100Q),Owner,2-5yrs,No defect,Outside rural areas,Undivided Two way,Tangent road with mountainous terrain and,,Asphalt roads,Dry,Daylight,Normal,Vehicle with vehicle collision,1,1,Going straight,Driver or rider,Male,31-50,3,Student,Normal,Not a Pedestrian,Overturning,Slight Injury
4.00.00,Friday,18-30,Male,Junior high school,Employee,Above 10yr,Lorry (41?100Q),Owner,,No defect,Outside rural areas,Undivided Two way,Tangent road with mountainous terrain and,,Asphalt roads,Wet or damp,Daylight,Raining,Vehicle with vehicle collision,2,1,Going straight,,,,,Other,Normal,Not a Pedestrian,No distancing,Slight Injury
4.00.00,Friday,18-30,Male,Elementary school,Employee,Below 1yr,Public (12 seats),Owner,2-5yrs,No defect,Outside rural areas,Undivided Two way,Tangent road with flat terrain,,Asphalt roads,Wet or damp,Daylight,Raining,Vehicle with vehicle collision,2,1,Going straight,Driver or rider,Male,31-50,3,Driver,Normal,Not a Pedestrian,Driving carelessly,Slight Injury
15.50.00,Saturday,18-30,Male,Elementary school,Employee,5-10yr,Lorry (41?100Q),Owner,,No defect,Office areas,Undivided Two way,Tangent road with flat terrain,,Asphalt roads,Dry,Darkness - lights lit,Normal,Vehicle with vehicle collision,2,1,Going straight,,,,,Other,Normal,Not a Pedestrian,No distancing,Slight Injury
8.50.00,Friday,Under 18,Male,Elementary school,Employee,1-2yr,Lorry (41?100Q),Owner,,No defect,Recreational areas,Undivided Two way,Tangent road with flat terrain,,Asphalt roads,Dry,Darkness - lights lit,Normal,Vehicle with vehicle collision,2,1,Going straight,Driver or rider,Male,18-30,3,Driver,Normal,Not a Pedestrian,Changing lane to the left,Slight Injury
0.25.00,Sunday,18-30,Male,Elementary school,Employee,5-10yr,Public (12 seats),Owner,Above 10yr,No defect,Office areas,Undivided Two way,Tangent road with flat terrain,,Asphalt roads,Dry,Daylight,Normal,Vehicle with vehicle collision,2,1,Going straight,,,,,Other,Normal,Not a Pedestrian,No priority to pedestrian,Slight Injury
0.25.00,Sunday,31-50,Male,Elementary school,Employee,5-10yr,Public (> 45 seats),Owner,2-5yrs,No defect,Other,Two-way (divided with broken lines road marking),Tangent road with mild grade and flat terrain,,Asphalt roads,Dry,Daylight,Normal,Vehicle with vehicle collision,2,1,Getting off,,,,,,Normal,Not a Pedestrian,No distancing,Slight Injury
0.25.00,Sunday,31-50,Male,Elementary school,Employee,2-5yr,Automobile,Owner,Above 10yr,No defect,Residential areas,Two-way (divided with broken lines road marking),Tangent road with flat terrain,,Asphalt roads,Dry,Daylight,Normal,Vehicle with vehicle collision,3,3,Going straight,Driver or rider,Male,18-30,3,Driver,Normal,Not a Pedestrian,No distancing,Serious Injury
0.10.00,Sunday,18-30,Male,Elementary school,Employee,5-10yr,Pick up upto 10Q,Owner,Above 10yr,No defect,Residential areas,other,Tangent road with flat terrain,,Asphalt roads,Dry,Daylight,Normal,Vehicle with vehicle collision,3,3,Going straight,Driver or rider,Female,18-30,3,Driver,Normal,Not a Pedestrian,Changing lane to the left,Serious Injury
0.10.00,Sunday,18-30,Male,,,5-10yr,Stationwagen,Owner,,No defect,Residential areas,Undivided Two way,Tangent road with flat terrain,,Asphalt roads,Dry,Daylight,Normal,Vehicle with vehicle collision,3,3,Turnover,,,,,Self-employed,Normal,Not a Pedestrian,No distancing,Serious Injury
15.20.00,Saturday,Unknown,Male,Junior high school,Employee,Above 10yr,Other,Owner,Above 10yr,No defect,Other,Undivided Two way,Tangent road with flat terrain,,Asphalt roads,Dry,Daylight,Normal,Vehicle with vehicle collision,3,3,Moving Backward,,,,,,,Not a Pedestrian,Changing lane to the left,Serious Injury
15.20.00,Saturday,31-50,Male,Junior high school,Employee,Above 10yr,,Owner,,No defect,Office areas,Two-way (divided with broken lines road marking),Tangent road with flat terrain,,Asphalt roads,Dry,Daylight,Normal,Vehicle with vehicle collision,1,1,Going straight,Driver or rider,Male,31-50,3,,,Not a Pedestrian,No distancing,Slight Injury
15.20.00,Saturday,31-50,Male,Elementary school,Employee,Below 1yr,Automobile,Owner,,,Other,Two-way (divided with broken lines road marking),Tangent road with flat terrain,,Asphalt roads,Dry,Daylight,Normal,Collision with roadside objects,3,2,Moving Backward,Passenger,Female,31-50,3,Employee,Normal,Not a Pedestrian,No distancing,Slight Injury
16.30.00,Saturday,Under 18,Male,Elementary school,Employee,5-10yr,Stationwagen,Owner,Above 10yr,,Other,other,Tangent road with flat terrain,,Asphalt roads,Dry,Daylight,Normal,Vehicle with vehicle collision,3,2,Going straight,,,,,Driver,Normal,Not a Pedestrian,No distancing,Slight Injury
16.30.00,Saturday,Under 18,Male,Elementary school,Owner,5-10yr,Pick up upto 10Q,Owner,5-10yrs,,Office areas,Two-way (divided with broken lines road marking),Tangent road with flat terrain,,Asphalt roads,Dry,Daylight,Normal,Collision with pedestrians,3,2,,Driver or rider,Female,31-50,3,Other,Normal,Not a Pedestrian,Changing lane to the left,Slight Injury
1.05.00,Friday,Under 18,Male,Elementary school,Employee,2-5yr,Lorry (41?100Q),Owner,Below 1yr,,Church areas,other,Tangent road with flat terrain,,Asphalt roads,Dry,Daylight,Normal,Vehicle with vehicle collision,2,1,Going straight,Passenger,Female,Over 51,3,Driver,Normal,Not a Pedestrian,Changing lane to the right,Slight Injury
1.05.00,Friday,31-50,Male,Elementary school,Employee,Above 10yr,Automobile,Owner,Unknown,No defect,Other,Two-way (divided with broken lines road marking),Tangent road with flat terrain,,Asphalt roads,Dry,Daylight,Normal,Collision with roadside objects,2,1,,Pedestrian,Female,18-30,3,Driver,Normal,Not a Pedestrian,Moving Backward,Slight Injury
19.40.00,Monday,Over 51,Male,Elementary school,Employee,2-5yr,,Owner,,,Other,One way,Tangent road with flat terrain,,Asphalt roads,Dry,Darkness - lights lit,Normal,Vehicle with vehicle collision,3,3,Going straight,,,,,Driver,Normal,Not a Pedestrian,Changing lane to the right,Slight Injury
19.40.00,Monday,31-50,Male,Junior high school,Employee,Above 10yr,Lorry (41?100Q),Owner,,,Office areas,Double carriageway (median),Tangent road with flat terrain,,Asphalt roads,Dry,Darkness - lights lit,Normal,Vehicle with vehicle collision,3,3,,Driver or rider,Male,Under 18,3,Driver,Normal,Not a Pedestrian,No distancing,Slight Injury
19.40.00,Monday,31-50,Female,Junior high school,Employee,Below 1yr,Lorry (41?100Q),Owner,,,Office areas,One way,Tangent road with mild grade and flat terrain,,Asphalt roads,Dry,Darkness - lights lit,Normal,Vehicle with vehicle collision,3,3,Going straight,Driver or rider,Male,18-30,3,Driver,Normal,Not a Pedestrian,Overtaking,Slight Injury
19.08.00,Tuesday,18-30,Male,Junior high school,Employee,2-5yr,Lorry (41?100Q),Owner,,,Office areas,Undivided Two way,Tangent road with flat terrain,,Asphalt roads,Dry,Darkness - lights lit,Normal,Vehicle with vehicle collision,3,3,Going straight,,,,,Driver,Normal,Not a Pedestrian,Other,Slight Injury
19.08.00,Tuesday,18-30,Male,Elementary school,Employee,5-10yr,Pick up upto 10Q,Owner,,No defect,Office areas,Double carriageway (median),Tangent road with flat terrain,,Asphalt roads,Dry,Darkness - lights lit,Normal,Vehicle with vehicle collision,3,3,Going straight,,,,,Driver,Normal,Not a Pedestrian,Other,Slight Injury
17.50.00,Saturday,Over 51,Male,Elementary school,Employee,5-10yr,Pick up upto 10Q,Owner,Unknown,,,Two-way (divided with broken lines road marking),Tangent road with flat terrain,,Asphalt roads,Dry,Daylight,Normal,Rollover,2,3,Going straight,Driver or rider,Male,18-30,3,Driver,Normal,Not a Pedestrian,Changing lane to the right,Slight Injury
17.50.00,Saturday,18-30,Male,Elementary school,Employee,1-2yr,Automobile,Owner,Below 1yr,,Office areas,Undivided Two way,Tangent road with flat terrain,,Asphalt roads,Dry,Daylight,Normal,Collision with roadside objects,2,3,Going straight,Passenger,Male,Under 18,3,,Normal,Not a Pedestrian,No priority to pedestrian,Slight Injury
21.30.00,Sunday,31-50,Male,Elementary school,Employee,,Other,Owner,Unknown,,Other,,Tangent road with flat terrain,,Asphalt roads,Dry,Daylight,Normal,Vehicle with vehicle collision,2,3,Other,Passenger,Male,5,3,,Normal,Not a Pedestrian,No priority to vehicle,Slight Injury
21.30.00,Sunday,31-50,Male,Junior high school,Employee,1-2yr,,Owner,,,Other,Double carriageway (median),Tangent road with flat terrain,,Asphalt roads,Dry,Daylight,Normal,Vehicle with vehicle collision,2,3,Other,Driver or rider,Male,Over 51,3,,Normal,Not a Pedestrian,Changing lane to the left,Slight Injury
14.49.00,Monday,Over 51,Male,,Employee,5-10yr,Automobile,Governmental,Unknown,,Other,Two-way (divided with broken lines road marking),Tangent road with flat terrain,,Asphalt roads,Dry,Daylight,Normal,Collision with roadside objects,2,1,Going straight,Driver or rider,Male,18-30,3,,Normal,Not a Pedestrian,Changing lane to the left,Slight Injury
14.49.00,Monday,Over 51,Male,Elementary school,Owner,1-2yr,Automobile,Owner,,,Office areas,,Tangent road with flat terrain,,Asphalt roads,Dry,Daylight,Normal,Vehicle with vehicle collision,2,1,Going straight,Passenger,Female,31-50,3,,Normal,Not a Pedestrian,Overtaking,Slight Injury
14.49.00,Monday,18-30,Male,Junior high school,Employee,5-10yr,Public (> 45 seats),Owner,,,Office areas,,Tangent road with flat terrain,,Asphalt roads,Dry,Daylight,Cloudy,Vehicle with vehicle collision,2,1,Getting off,Driver or rider,Male,31-50,2,,Normal,Not a Pedestrian,No distancing,Slight Injury
17.40.00,Sunday,31-50,Female,Junior high school,Employee,2-5yr,Lorry (41?100Q),Owner,,,Office areas,Two-way (divided with broken lines road marking),Tangent road with flat terrain,,Asphalt roads,Dry,Daylight,Cloudy,Vehicle with vehicle collision,2,1,Going straight,,,,,,Normal,Not a Pedestrian,No priority to vehicle,Slight Injury